1634722213.5951762199,-1.057487967976227905,-0.81318736073579722667,0.31706755720331158965
1634722213.617421627,-1.0578496633159333307,-0.81525335191342840346,0.32111712015635618389
1634722213.7469117641,-1.0581017481687433612,-0.8156584271910553019,0.31893306643091368091
1634722213.7681610584,-1.0581017481687433612,-0.8156584271910553019,0.31716886071676636538
1634722213.7930445671,-1.0581493282865308547,-0.81577831542289469535,0.32153647250418004866
1634722213.8887839317,-1.0582949714697942323,-0.81603281173387209879,0.32129666572046478024
1634722213.9583923817,-1.0583733796026071339,-0.81623784455133341353,0.31814031024239813883
1634722214.0047521591,-1.0583866899523193261,-0.81629393907549097076,0.31701741859908083576
1634722214.0655338764,-1.0584131201031803382,-0.81653186379161379893,0.31717943195980435878
1634722214.1015253067,-1.0584146100451627959,-0.81665276861204394443,0.320705926415137621
1634722214.1521222591,-1.0584048834444750309,-0.8167837622907588857,0.3202841853456109833
1634722214.2542140484,-1.05832089217304115,-0.81714226297975345314,0.32050932586060942864
1634722214.2746338844,-1.05832089217304115,-0.81714226297975345314,0.3205251101782494727
1634722214.3081715107,-1.0582598009598822575,-0.81728830867570145813,0.32284007286179072782
1634722214.3558330536,-1.0582207665595944057,-0.81743198646403847363,0.32152261093224321353
1634722214.3950214386,-1.0582207665595944057,-0.81743198646403847363,0.32160882668747559077
1634722214.4457139969,-1.0582583324595322694,-0.81751841921500234545,0.32053136690994560309
1634722214.4899969101,-1.058438670644819446,-0.81743287057005886709,0.3181289675494736735
1634722214.531586647,-1.058512387496560736,-0.81740830742554848598,0.32128337148881291885
1634722214.5790908337,-1.0585421843848370482,-0.81742148788912893931,0.31837448621051406272
1634722214.624468565,-1.0585359814258634703,-0.81746031016409803627,0.31774595580793657534
1634722214.6968531609,-1.05853920839628457,-0.81750901070172798946,0.31726775636873211228
1634722214.752733469,-1.0585130143373338019,-0.8175799055867111198,0.32118391074655144868
1634722214.7954330444,-1.0584871742135713024,-0.81764534203400207613,0.31785683966568745173
1634722214.8260920048,-1.058456096735509222,-0.81771050031081182752,0.32142262580376185221
1634722214.8829801083,-1.058428945069456395,-0.81781242103931017784,0.31602905592548807823
1634722214.9191775322,-1.0584251948992575709,-0.81785692601976933691,0.32018375597701387303
1634722214.9615368843,-1.0584136067304081852,-0.81789923921969254206,0.31658963515686444623
1634722214.9927675724,-1.0584150285383753243,-0.81791025300642417051,0.31859001215564131115
1634722215.0327241421,-1.0584042281148178244,-0.8179219724287783988,0.31619370474419616901
1634722215.0781781673,-1.058373105957233884,-0.81795763510935792784,0.31882669616476971841
1634722215.1208612919,-1.0583087377621291925,-0.81797486966650945206,0.31675532417278584596
1634722215.1601846218,-1.0582905250976051281,-0.81792136249704394668,0.31783233037412261801
1634722215.1963758469,-1.0582843612843471082,-0.81786407263863936112,0.3167094115000821386
1634722215.2450587749,-1.0582483507073232598,-0.81778935003780850455,0.32048680086362846264
1634722215.2983982563,-1.0582337395145218206,-0.81770634779310136242,0.32054568203400096715
1634722215.3632426262,-1.0581110584707058564,-0.81741035908489811934,0.31579093511712325038
1634722215.424284935,-1.0580103511899390245,-0.81721342772639649077,0.32019338894121418537
1634722215.4680466652,-1.0579193647018794167,-0.81701252611475438936,0.31956314422944376297
1634722215.5145714283,-1.0581084738308008664,-0.8169247528193628316,0.32021098722717011853
1634722215.5769989491,-1.0625058707001218128,-0.81897996591383670495,0.32165404272410885733
1634722215.6267120838,-1.0671464653695108549,-0.82095657182639369953,0.3169080908068282465
1634722215.7106304169,-1.0736919967257372299,-0.82360131385289980788,0.32034263901573828415
1634722215.7784600258,-1.0801548207040390093,-0.82680252574614288008,0.32228828895818889544
1634722215.8347890377,-1.0859283607119403214,-0.83009807767146437385,0.32127929571960467392
1634722215.8997414112,-1.0933069185737152029,-0.83403444242159308075,0.32184070098885392275
1634722215.9620337486,-1.1004379233133054772,-0.83743344045347756222,0.31953745552231654914
1634722216.009070158,-1.1056077949459319765,-0.8400306110130856263,0.31711294037968762449
1634722216.0547327995,-1.1103556163144201463,-0.84270775321561963711,0.32247287404066798944
1634722216.1048493385,-1.1166976485904400729,-0.84662148044787421952,0.31737546927044951728
1634722216.1580505371,-1.12328473342798274,-0.85043458506946190134,0.32120383367606841762
1634722216.2062966824,-1.12328473342798274,-0.85043458506946190134,0.31929754608202942645
1634722216.2493276596,-1.1317098304688613108,-0.85543741642948023518,0.3155595704746279595
1634722216.2933723927,-1.1384825974904564383,-0.85983031276453147917,0.31901617267403564737
1634722216.3352303505,-1.1435471184965775304,-0.86302341718332642451,0.31469784777145320964
1634722216.3897874355,-1.1489014463695639279,-0.86620170324025269615,0.31177434013095106646
1634722216.4264068604,-1.154368079589528362,-0.86934304485830848908,0.31323319707378727283
1634722216.4879581928,-1.1608765885635226045,-0.87362376221540805066,0.31675266763555642857
1634722216.5251791477,-1.1647493297717028682,-0.87649639330745410248,0.321387393169209723
1634722216.5612163544,-1.1693260918013288485,-0.87947884246829677313,0.31753241891155908894
1634722216.6020405293,-1.1736897799624308458,-0.88216324470559326354,0.32034286232927383642
1634722216.6478915215,-1.1784853110497677253,-0.88533967795030521497,0.31378563164164685606
1634722216.6869273186,-1.183287723370345379,-0.88863665902465238666,0.31864040992546838194
1634722216.7304890156,-1.1882085751616222602,-0.89197654304748896781,0.31516060712855115122
1634722216.7698118687,-1.1927925860479948739,-0.89490659825990059861,0.31970719641203282357
1634722216.8096737862,-1.1969386092764007223,-0.89769929702667206062,0.31639492913621825032
1634722216.864481926,-1.2024775658852222548,-0.901793606013269744,0.31712706254267564177
1634722216.9192533493,-1.2079689439890517466,-0.90598069830066085828,0.32037465948556642648
1634722216.9770927429,-1.2143145596855187129,-0.91029534365784503525,0.31364295748463866254
1634722217.0309381485,-1.2203650934318537313,-0.91405288479434310123,0.31848392329923547184
1634722217.0689077377,-1.2203650934318537313,-0.91405288479434310123,0.31438213615066629147
1634722217.1105248928,-1.2279719118247034437,-0.91948784436277331,0.31684222353236568548
1634722217.1560659409,-1.2298773776632077048,-0.9207695589193489738,0.31686226175299830876
1634722217.19333148,-1.2336708783155871938,-0.92350717571188656319,0.31717744116540186328
1634722217.2466840744,-1.2389866049192472808,-0.92738146394494802571,0.31610210224203011409
1634722217.2760686874,-1.2425064535981493741,-0.93018153212167453692,0.32174198758502475792
1634722217.3192672729,-1.2462250359856754667,-0.93294986743241803406,0.3179382563197588607
1634722217.3768191338,-1.252060352966904988,-0.93688512432904935689,0.32244374124883123933
1634722217.4368932247,-1.2576789749680501451,-0.94102027591450598809,0.31702759637396493719
1634722217.4834573269,-1.2608515087265230736,-0.94360719710106333302,0.31478624143309652528
1634722217.5379581451,-1.2654847766982846302,-0.94718744368456220251,0.31683233918673953111
1634722217.5885004997,-1.2690715753616936823,-0.94977828838419542379,0.32051585043877284242
1634722217.6633558273,-1.2762583378120970767,-0.95470052062584642716,0.31710376148062352497
1634722217.6939995289,-1.2781582194211111858,-0.9559805081916038505,0.31684021626340636013
1634722217.7526082993,-1.2849111037862643858,-0.96072281135162418408,0.3153704236650545778
1634722217.8012347221,-1.2864546160323124813,-0.96180832889028511357,0.31356878515782360406
1634722217.8551366329,-1.2901838100300262457,-0.96450559054599471764,0.31691500458007870744
1634722217.8910763264,-1.2929317424787976076,-0.9667292236215050405,0.3217677464027463019
1634722217.940489769,-1.2936457315790170775,-0.96731809991068817833,0.31356986469568298714
1634722217.985555172,-1.2947471599427158306,-0.96823917108623946959,0.32327842618610691527
1634722218.0209312439,-1.2950370932461208184,-0.96935278571513883161,0.31796217865480580489
1634722218.0731756687,-1.2936484206161127375,-0.96973845013964166117,0.31863824664343909365
1634722218.108174324,-1.2925841999976031005,-0.96975454835742602722,0.31936675136723291502
1634722218.1669397354,-1.2892749920005950326,-0.96967655656596740688,0.3193227958787967502
1634722218.2043235302,-1.2831612960618528074,-0.96848356300083737747,0.32489236814012856236
1634722218.2732527256,-1.2782382016484468146,-0.96694333221537664969,0.32678419200082070573
1634722218.3224415779,-1.2552245341474232987,-0.95795172037472586801,0.32362898696705422186
1634722218.3771491051,-1.2384470249068237901,-0.95082100581247197546,0.32568034492532077495
1634722218.4187650681,-1.2238225042137147458,-0.94455629839888988197,0.3246723728262618236
1634722218.4761178493,-1.208402426615461378,-0.93785610446993339373,0.31960429223292413647
1634722218.5232665539,-1.184638037445107539,-0.92753870415577910347,0.31925974644155896698
1634722218.5787506104,-1.1611367260230376353,-0.91708422945439871388,0.31983427290141985821
1634722218.6305599213,-1.145896752946169439,-0.91024980060670701576,0.32122492853522843781
1634722218.6738381386,-1.1309132247842108576,-0.90334776563166452323,0.31813756201654386224
1634722218.7101399899,-1.11623690880471238,-0.89643543254327695546,0.3293639179289378216
1634722218.7627048492,-1.0913154357961534213,-0.88409910319875684159,0.32083363072760995305
1634722218.825977087,-1.0738144174051078572,-0.87510567029607910783,0.39285221055606400764
1634722218.9030838013,-1.0465876530600075611,-0.86010674675768727937,0.35060084523425649738
1634722218.9704184532,-1.0271060704322780843,-0.84872412511597594698,0.32519725259955140073
1634722219.1737601757,-0.97253039746375535834,-0.81037662413779998349,0.32625418263911443173
1634722219.8964998722,-1.0077722902270611627,-0.79987456821028213305,0.37659488156844145301
1634722220.0065932274,-1.0103200781131336239,-0.80162839003398056459,0.38783596643767487278
1634722220.0569529533,-1.0103200781131336239,-0.80162839003398056459,0.39374590066326226045
1634722220.1146357059,-1.0330748432779732759,-0.82035084353878140462,0.40023020078865595428
1634722220.1797099113,-1.0382766013161965901,-0.82632913632505533563,0.4134965162450019438
1634722220.3009195328,-1.0455419100300291646,-0.83831526687469681836,0.42015096305059418391
1634722220.3898046017,-1.0482779789818850169,-0.84592879832703449239,0.43040909503736413111
1634722220.485471487,-1.0498263551290503148,-0.85436006877904024925,0.43051881649451129164
1634722220.585588932,-1.0498259314718798585,-0.86101362325181085566,0.44626836730909325013
1634722220.686807394,-1.0484349195990816384,-0.86533177097366265063,0.46132404994724829361
1634722220.7731537819,-1.0456564500801339701,-0.86686648260445364755,0.46407488849996336722
1634722220.8518881798,-1.0423643239237063707,-0.8660863033172423453,0.48081933339947841022
1634722220.898907423,-1.0403084925669021654,-0.86513779779155464134,0.50182175648622195929
1634722220.9424693584,-1.0380755156835077546,-0.86394700001702262604,0.55959942903956494398
1634722221.0458159447,-1.0322325480665679454,-0.86036814071888711997,0.51324498755533487504
1634722221.0871827602,-1.0298012791450470438,-0.85863929092879287541,0.52060585129779002322
1634722221.180267334,-1.0248995918876329103,-0.85504670224956069724,0.52753992179390074568
1634722221.2555069923,-1.0189601045089540232,-0.85046057459756885244,0.54142978381878426042
1634722221.3374197483,-1.0145204069792259638,-0.84681259812467657433,0.5591652426371997997
1634722221.3888342381,-1.0125708311158791997,-0.84483321869601790688,0.57330893938039639846
1634722221.4500648975,-1.0094050729200441108,-0.84054131059167036533,0.5843476104175172603
1634722221.5279505253,-1.0078687728984307981,-0.83707372058390483449,0.72395255796090207667
1634722221.5801887512,-1.0070379906700037687,-0.83356534964584960701,0.59941984605591702717
1634722221.6451845169,-1.0069402839207253209,-0.83012879311470078036,0.61590569049429166881
1634722221.6954905987,-1.0075649041233338821,-0.82693803027117451787,0.6206278096681592249
1634722221.8213469982,-1.0106978630297491772,-0.82126574115451400626,0.63320493661814458708
1634722221.8937323093,-1.0139458069163442833,-0.81826819176276743839,0.63759983456668856139
1634722221.9382698536,-1.0163512329758321862,-0.81677489249018830897,0.64838401475818441266
1634722221.9922230244,-1.0189861276398708423,-0.81552308291106867522,0.6675135844393167428
1634722222.0831480026,-1.0236332174946158879,-0.81414398446237579154,0.6758994616931890409
1634722222.1460351944,-1.0274053391766777565,-0.81349747809204053794,0.68461449049394085264
1634722222.2188849449,-1.0327249283030410787,-0.81319387686049848796,0.69170614029942079082
1634722222.3985960484,-1.0455455525567529662,-0.81413510019373014348,0.70078389230546145328
1634722222.4503800869,-1.0485747246019256895,-0.81465154728990918365,0.71075616290679621834
1634722222.495187521,-1.0531700064636035918,-0.81545816018961891913,0.71404345568267091338
1634722222.5893807411,-1.0595004341538809545,-0.81664127787478435483,0.7468722859969283423
1634722222.6387035847,-1.0643092319479106056,-0.81763441550438331618,0.75124334494542610585
1634722222.6844973564,-1.0675361258200888326,-0.81829814325776994988,0.75345595232292927879
1634722222.7662107944,-1.0738683965589110869,-0.81960858761400745554,0.7617400444192743425
1634722222.8588316441,-1.0813301457063559941,-0.82146461490929556515,0.76610635466665200077
1634722222.985196352,-1.0893491160498063319,-0.82376214645866396857,0.7730920911548815333
1634722223.0574746132,-1.0942533986971942905,-0.82534857575590891976,0.77955575206659888376
1634722223.1284737587,-1.0985134155088973618,-0.82687995956929649655,0.78657536737905542346
1634722223.1966855526,-1.1014576068220109928,-0.82825685300724793958,0.79683442350778821428
1634722223.2690854073,-1.1033727154331467446,-0.82963069419164625629,0.80603121575394232057
1634722223.3172049522,-1.1040015053394829359,-0.83041782989445844798,0.81004821313465014132
1634722223.3671216965,-1.1042927495338237254,-0.83113871325846089277,0.81492056335116602739
1634722223.416280508,-1.1041979653218056967,-0.8322329592299243517,0.81954378747951450723
1634722223.4586920738,-1.1038280809198002252,-0.83294701007019689154,0.82542799977659697674
1634722223.4939763546,-1.1035534382729215164,-0.83329855236540040231,0.84467245684560698926
1634722223.5302801132,-1.1028880276751809042,-0.83396762759870446402,0.8433058466896691252
1634722223.5728542805,-1.1020892824773624863,-0.83459604440604862052,0.8664671796686644889
1634722223.6122288704,-1.1006358494408601256,-0.83540444094014543186,0.87864725313109026672
1634722223.658921957,-1.0992143796268851741,-0.83592866392794107355,0.88113339289643788366
1634722223.695545435,-1.0983217707077257419,-0.83619550637845174723,0.8817001697434911911
1634722223.7308063507,-1.0976977994906282898,-0.83635972777877187756,0.87926410126032350512
1634722223.7737517357,-1.0955922753689573135,-0.83660150369549857174,0.27583751100053838234
1634722223.8464665413,-1.0932665476876828325,-0.83672505051316192759,0.27574951831235294808
1634722223.8878397942,-1.0912604726522421306,-0.83670181346565819513,0.2758082968431061488
1634722223.9922893047,-1.0869490318417316388,-0.83622664374374899854,0.27569748475407473975
1634722224.0264947414,-1.0862074110760482348,-0.83606854599713475995,0.27585948492761053208
1634722224.0721144676,-1.0848141092349545822,-0.83573002011837271841,0.27561990004758823991
1634722224.1173417568,-1.0848141092349545822,-0.83573002011837271841,0.27561990004758823991
1634722224.1596233845,-1.0821004499846065272,-0.83474212388058788292,0.27583207709212242964
1634722224.2005679607,-1.0813473626044221021,-0.83432440030974985845,0.27581587956770153847
1634722224.2400531769,-1.0813473626044221021,-0.83432440030974985845,0.27581587956770153847
1634722224.2817294598,-1.0813473626044221021,-0.83432440030974985845,0.27581587956770153847
1634722224.3260686398,-1.0813473626044221021,-0.83432440030974985845,0.27581587956770153847
1634722224.3639826775,-1.0813473626044221021,-0.83432440030974985845,0.27581587956770153847
1634722224.4062204361,-1.0813473626044221021,-0.83432440030974985845,0.27581587956770153847
1634722224.4441688061,-1.0813473626044221021,-0.83432440030974985845,0.27581587956770153847
1634722224.4939453602,-1.0813473626044221021,-0.83432440030974985845,0.27581587956770153847
1634722224.5289094448,-1.0813473626044221021,-0.83432440030974985845,0.27581587956770153847
1634722224.5649454594,-1.0813473626044221021,-0.83432440030974985845,0.27581587956770153847
1634722224.6164517403,-1.0813473626044221021,-0.83432440030974985845,0.27581587956770153847
1634722224.6599142551,-1.0813473626044221021,-0.83432440030974985845,0.27581587956770153847
1634722224.7009518147,-1.0813473626044221021,-0.83432440030974985845,0.27581587956770153847
1634722224.7439594269,-1.0813473626044221021,-0.83432440030974985845,0.27581587956770153847
1634722224.8014082909,-1.0813473626044221021,-0.83432440030974985845,0.27581587956770153847
1634722224.8411045074,-1.0813473626044221021,-0.83432440030974985845,0.27581587956770153847
1634722224.8887095451,-1.0813473626044221021,-0.83432440030974985845,0.27581587956770153847
1634722224.9348771572,-1.0813473626044221021,-0.83432440030974985845,0.27581587956770153847
1634722224.9633278847,-1.0813473626044221021,-0.83432440030974985845,0.27581587956770153847
1634722225.0154149532,-1.0813473626044221021,-0.83432440030974985845,0.27581587956770153847
1634722225.0533008575,-1.0813473626044221021,-0.83432440030974985845,0.27581587956770153847
1634722225.0946743488,-1.0813473626044221021,-0.83432440030974985845,0.27581587956770153847
1634722225.1289055347,-1.0813473626044221021,-0.83432440030974985845,0.27581587956770153847
1634722225.1633973122,-1.0813473626044221021,-0.83432440030974985845,0.27581587956770153847
1634722225.2449319363,-1.0813473626044221021,-0.83432440030974985845,0.27581587956770153847
1634722225.271892786,-1.0813473626044221021,-0.83432440030974985845,0.27581587956770153847
1634722225.3243331909,-1.0813473626044221021,-0.83432440030974985845,0.27581587956770153847
1634722225.358784914,-1.0813473626044221021,-0.83432440030974985845,0.27581587956770153847
1634722225.3908088207,-1.0813473626044221021,-0.83432440030974985845,0.27581587956770153847
1634722225.4477241039,-1.0813473626044221021,-0.83432440030974985845,0.27581587956770153847
1634722225.5036046505,-1.0813473626044221021,-0.83432440030974985845,0.27581587956770153847
1634722225.5404293537,-1.0813473626044221021,-0.83432440030974985845,0.27581587956770153847
1634722225.5783464909,-1.0813473626044221021,-0.83432440030974985845,0.27581587956770153847
1634722225.628133297,-1.0813473626044221021,-0.83432440030974985845,0.27581587956770153847
1634722225.6686813831,-1.0813473626044221021,-0.83432440030974985845,0.27581587956770153847
1634722225.7184696198,-1.0813473626044221021,-0.83432440030974985845,0.27581587956770153847
1634722225.7637634277,-1.0813473626044221021,-0.83432440030974985845,0.27581587956770153847
1634722225.8172569275,-1.0813473626044221021,-0.83432440030974985845,0.27581587956770153847
1634722225.8793935776,-1.0813473626044221021,-0.83432440030974985845,0.27581587956770153847
1634722225.9238247871,-1.0813473626044221021,-0.83432440030974985845,0.27581587956770153847
1634722225.9606003761,-1.0813473626044221021,-0.83432440030974985845,0.27581587956770153847
1634722226.0012874603,-1.0813473626044221021,-0.83432440030974985845,0.27581587956770153847
1634722226.038936615,-1.0813473626044221021,-0.83432440030974985845,0.27581587956770153847
1634722226.0828967094,-1.0813473626044221021,-0.83432440030974985845,0.27581587956770153847
1634722226.1222045422,-1.0813473626044221021,-0.83432440030974985845,0.27581587956770153847
1634722226.1638970375,-1.0813473626044221021,-0.83432440030974985845,0.27581587956770153847
1634722226.2027363777,-1.0813473626044221021,-0.83432440030974985845,0.27581587956770153847
1634722226.2560503483,-1.0813473626044221021,-0.83432440030974985845,0.27581587956770153847
1634722226.2897331715,-1.0813473626044221021,-0.83432440030974985845,0.27581587956770153847
1634722226.3254961967,-1.0813473626044221021,-0.83432440030974985845,0.27581587956770153847
1634722226.3667337894,-1.1206199298773389383,-0.82760342320416380169,0.275861138841766107
1634722226.4109833241,-1.1203261376462707588,-0.82894823474498313676,0.27571164403698578127
1634722226.4455683231,-1.1200074648729632099,-0.83031744215985625601,0.27575301837203064492
1634722226.5016825199,-1.1195903722797655444,-0.83238240659963680379,0.27563232605777199247
1634722226.5453150272,-1.1194022764474063081,-0.83370627690542720156,0.2757725762725899421
1634722226.5764601231,-1.1192341796420484101,-0.83504328523438242637,0.27595388464277098572
1634722226.6272678375,-1.1190754505935707197,-0.83698958180129989781,0.27573293896805683989
1634722226.6645655632,-1.1190698874453315348,-0.8376133018696547694,0.27575636027232902636
1634722226.7014374733,-1.119045243931427347,-0.83884567505224982842,0.27582606679156101981
1634722226.7581396103,-1.1189631819037502147,-0.84066171218237373264,0.27561333415882904863
1634722226.8006951809,-1.11888590455636594,-0.841872921655664741,0.2758470822850314641
1634722226.8392152786,-1.1186933245355408229,-0.84308672289255470744,0.27587695463002592788
1634722226.8839280605,-1.1184884981202896093,-0.84427242664889856627,0.27568807860205085669
1634722226.9187715054,-1.1182197385751662111,-0.84540795905481824768,0.27574690157183223693
1634722226.9679806232,-1.1182197385751662111,-0.84540795905481824768,0.27574690157183223693
1634722226.9984312057,-1.1182197385751662111,-0.84540795905481824768,0.27574690157183223693
1634722227.0385718346,-1.1182197385751662111,-0.84540795905481824768,0.27574690157183223693
1634722227.0791764259,-1.1182197385751662111,-0.84540795905481824768,0.27574690157183223693
1634722227.1216425896,-1.1182197385751662111,-0.84540795905481824768,0.27574690157183223693
1634722227.1752762794,-1.1182197385751662111,-0.84540795905481824768,0.27574690157183223693
1634722227.2170591354,-1.1182197385751662111,-0.84540795905481824768,0.27574690157183223693
1634722227.2589399815,-1.1182197385751662111,-0.84540795905481824768,0.27574690157183223693
1634722227.2960202694,-1.1182197385751662111,-0.84540795905481824768,0.27574690157183223693
1634722227.3492906094,-1.1182197385751662111,-0.84540795905481824768,0.27574690157183223693
1634722227.4558119774,-1.1182197385751662111,-0.84540795905481824768,0.27574690157183223693
1634722227.5003817081,-1.1182197385751662111,-0.84540795905481824768,0.27574690157183223693
1634722227.5433852673,-1.1182197385751662111,-0.84540795905481824768,0.27574690157183223693
1634722227.5971164703,-1.1182197385751662111,-0.84540795905481824768,0.27574690157183223693
1634722227.6649839878,-1.1182197385751662111,-0.84540795905481824768,0.27574690157183223693
1634722227.7349975109,-1.1182197385751662111,-0.84540795905481824768,0.27574690157183223693
1634722227.7776839733,-1.1182197385751662111,-0.84540795905481824768,0.27574690157183223693
1634722227.8227653503,-1.1182197385751662111,-0.84540795905481824768,0.27574690157183223693
1634722227.8721385002,-1.1182197385751662111,-0.84540795905481824768,0.27574690157183223693
1634722227.9141206741,-1.1182197385751662111,-0.84540795905481824768,0.27574690157183223693
1634722227.9661405087,-1.1182197385751662111,-0.84540795905481824768,0.27574690157183223693
1634722228.0042631626,-1.1182197385751662111,-0.84540795905481824768,0.27574690157183223693
1634722228.0494208336,-1.1182197385751662111,-0.84540795905481824768,0.27574690157183223693
1634722228.0930478573,-1.1182197385751662111,-0.84540795905481824768,0.27574690157183223693
1634722228.1349773407,-1.1182197385751662111,-0.84540795905481824768,0.27574690157183223693
1634722228.1970136166,-1.1182197385751662111,-0.84540795905481824768,0.27574690157183223693
1634722228.2727897167,-1.1182197385751662111,-0.84540795905481824768,0.27574690157183223693
1634722228.3293294907,-1.1182197385751662111,-0.84540795905481824768,0.27574690157183223693
1634722228.3937647343,-1.1517961470070563479,-0.80749237927500128187,0.27584264907401806477
1634722228.4553105831,-1.1517961470070563479,-0.80749237927500128187,0.27584264907401806477
1634722228.5032200813,-1.1622842541966351693,-0.80849146168978702764,0.27574955345414403629
1634722228.5821585655,-1.1806492278361713222,-0.81896199403740288503,0.27578615373538645228
1634722228.6238245964,-1.1806492278361713222,-0.81896199403740288503,0.27575327533669263813
1634722228.7007181644,-1.2428153769031753395,-0.86405810275768457629,0.94993108218316990587
1634722228.7402179241,-1.2629908186855800523,-0.87974447287299462062,0.91876142002546079546
1634722228.7726988792,-1.2927569815412309762,-0.90338042106765203965,0.91220979641108645986
1634722228.8201918602,-1.3257704003149679561,-0.93011130339736125539,0.92039539437611517236
1634722228.8548851013,-1.3615804452530384516,-0.95965072562919706556,0.91645802169246159963
1634722228.911213398,-1.4192020553613189371,-1.0080661137562063612,0.91409124728070256793
1634722228.9820461273,-1.4792715739480843951,-1.0595587673058286526,0.9090827614822910574
1634722229.0871331692,-1.5929662141407068265,-1.1600492120674439356,0.90281339436397634035
1634722229.1267228127,-1.6447653331897753581,-1.2068289472990869626,0.89619571726591029659
1634722229.1702837944,-1.6858942354531765151,-1.2443656379818199831,0.89002979980501728541
1634722229.2286550999,-1.7469079661506179413,-1.3004520900645486492,0.88429180298856313591
1634722229.2636604309,-1.7709971280652772041,-1.3225631158354445027,0.88729189198097979663
1634722229.3085796833,-1.810519041805081164,-1.359435344909959209,0.88330223132755270044
1634722229.3413732052,-1.8492095447399699015,-1.3957685448182048926,0.88418967446123952758
1634722229.3950061798,-1.9051651575866830335,-1.4487990252426035109,0.88232731352956617066
1634722229.426492691,-1.9231451751267338857,-1.4659416124627191458,0.88221520166705658106
1634722229.4644122124,-1.9579281885662547236,-1.4992686996874553529,0.87984321975313695141
1634722229.5256021023,-2.0065818942577178241,-1.5462546139014980984,0.88285290425499485245
1634722229.6252217293,-2.0762618534942935966,-1.6147576424067684453,0.88435960613533148855
1634722229.678388834,-2.1108147389160323293,-1.6493426393619272652,0.88528429905627670227
1634722229.7388539314,-2.1398141008267757002,-1.6787868272535504399,0.88590199701054372916
1634722229.7808499336,-2.1562195352463175979,-1.6955348866772457228,0.88897973632024696045
1634722229.8436686993,-2.1763818761400104407,-1.7159587222332384204,0.89070889551241516635
1634722229.8804328442,-2.1872943202663219786,-1.726693369024026703,0.89272493807468444871
1634722229.9364919662,-2.2001043127873605165,-1.7384845135151356654,0.8914228726322700469
1634722229.9786274433,-2.2064020523772005511,-1.7435021742838192615,0.89714032384103581386
1634722230.0293402672,-2.213066894626008807,-1.7471787111622447686,0.89525901854546452441
1634722230.0687246323,-2.215536627967013672,-1.7467993902047056487,0.89709382836131768002
1634722230.1155560017,-2.21650814120310935,-1.7442803755274527422,0.89562134295161666131
1634722230.1561908722,-2.2161285118617000123,-1.7397018153813004204,0.90077810241985245554
1634722230.1928009987,-2.2144744147644410681,-1.7331174429075313359,0.89499640195315199875
1634722230.2409248352,-2.2115748966824604338,-1.7247248533926007319,0.89667981117048600748
1634722230.2734904289,-2.2076623394975900538,-1.714650242729268248,0.89837716518624710638
1634722230.3142333031,-2.2028116960802490709,-1.7030609887606187325,0.89524494296817902494
1634722230.3636806011,-2.1971280390679415184,-1.6902060145983164308,0.89838392484548590389
1634722230.4028501511,-2.1908080592553558219,-1.6762389704956937031,0.91214075389314008824
1634722230.4495379925,-2.1804171186603236166,-1.6538020916936437832,0.89944430743648107196
1634722230.4967820644,-2.1730489600165383557,-1.6380316477683540821,0.91199762246773197205
1634722230.5390079021,-2.1654844800294825724,-1.6217569346472586744,0.9067666815147594761
1634722230.5824005604,-2.1578104506284119246,-1.6051908255953528659,0.9088165156785499299
1634722230.6310846806,-2.1463717628936822557,-1.5799785629878506654,0.88872425841240576538
1634722230.6753132343,-2.1426239757473877212,-1.5715796159973325352,0.88300257685322869339
1634722230.7155678272,-2.1317033449464481976,-1.5466419725894622328,0.89220904523988608936
1634722230.7817525864,-2.1214599308624229046,-1.5222708462659970685,0.90112209761558070831
1634722230.8188521862,-2.1151373620972377942,-1.5064883277365308523,0.89646823751117188372
1634722230.8693706989,-2.1066724032519235088,-1.4837974942258655986,0.89848454716480952165
1634722230.9058403969,-2.1040918371341308379,-1.4764891809798510458,0.8989868380296256456
1634722230.9632043839,-2.0971064458557675536,-1.4556846212648268946,0.89244198252820616801
1634722231.0112144947,-2.0931986330378000716,-1.4427796471845342197,0.9084248544622919308
1634722231.0690670013,-2.0875049935509584209,-1.419719956072633904,0.89066443441878584419
1634722231.1120438576,-2.0857228041346256298,-1.409734045397674107,0.89987338883522749455
1634722231.159101963,-2.0845759485486663465,-1.4007754945071781982,0.88848646946627729548
1634722231.1964995861,-2.0840337353531435127,-1.3929198148685675296,0.88966477416356082308
1634722231.2551949024,-2.084457533914772398,-1.3834333641553304695,0.88780265613916586886
1634722231.29433918,-2.0854464707849618144,-1.3785236637746978161,0.8818024516842233318
1634722231.3396017551,-2.0868318969292918297,-1.3746416422662965928,0.89010247065564551683
1634722231.3858392239,-2.0892755408150320839,-1.3714365642238359744,0.89357568370686890624
1634722231.4282457829,-2.0910543111581487707,-1.370334264624179399,0.89796551137058000513
1634722231.4678962231,-2.0938601152608504741,-1.3698749442827626854,0.90173208882752242666
1634722231.5162284374,-2.098750994798720626,-1.3711516897732909381,0.89461076308052733808
1634722231.5547184944,-2.1024310359426348072,-1.3732358180271235781,0.89831158454998538687
1634722231.5958652496,-2.1063585057727434169,-1.3762117943710512336,0.88701466305029497139
1634722231.6361687183,-2.1105035254710942105,-1.3799778312270887248,0.90660196740014287187
1634722231.6909952164,-2.1169855811715208027,-1.3869698125198970384,0.89218402960058673656
1634722231.766700983,-2.1235818857876411769,-1.3952726244266659972,0.91116433494577731
1634722231.8066093922,-2.1291246450322218742,-1.4030928999083160935,0.88976044027754663812
1634722231.8604195118,-2.1344906220360222449,-1.4115967894261416404,0.89686629047707855378
1634722231.9075043201,-2.1386832852965009799,-1.4188003005935865275,0.89146626881766488637
1634722231.9679510593,-2.1447453007861962959,-1.4301789558476927233,0.89927133239237255768
1634722232.0046977997,-2.1484863856655520564,-1.4380248949605687336,0.89075348222510086771
1634722232.0485286713,-2.1526441928583097685,-1.4478707548623004353,0.88589034273019129362
1634722232.0869731903,-2.1549830332161437063,-1.4537845768977115668,0.9072401997879392388
1634722232.1233129501,-2.1584425133926701257,-1.4636167657232479478,0.88094794170303325487
1634722232.1674087048,-2.1606855139365839236,-1.4713341618148279011,0.89383087397074423297
1634722232.205893755,-2.1621079469639785664,-1.4770445201660518109,0.87584068106794343844
1634722232.2401690483,-2.1635968826801446063,-1.4844250123398079477,0.88460077793197011697
1634722232.2981595993,-2.1648534393190024261,-1.4950082490795542078,0.88472511570678880055
1634722232.3662991524,-2.1648752651097047384,-1.5048069833230763859,0.90920266334216215398
1634722232.4111642838,-2.1635836176160547772,-1.5136402168252978129,0.89186118576893114174
1634722232.4457836151,-2.1628597336882786628,-1.5163859569050934795,0.89134638472787619534
1634722232.4964478016,-2.1598184079776348021,-1.523777386190980021,0.89065284872585837039
1634722232.5332314968,-2.1563193166600238548,-1.5290770073948463104,0.88739317951635432458
1634722232.5833919048,-2.1529734705898140312,-1.5326157272866616221,0.91101503233805192217
1634722232.6204967499,-2.149056189116858917,-1.53553166672826924,0.89259167455873100749
1634722232.650582552,-2.1469294170622656992,-1.5367680661840912304,0.90985329806038872658
1634722232.6903502941,-2.1435291981437885056,-1.5383221940728644128,0.90815469086617972572
1634722232.774600029,-2.1303561541236417654,-1.5408536293176091636,0.89778837981771975052
1634722232.807485342,-2.1274027045713630457,-1.5408178132133418803,0.89510797810364362004
1634722232.8414590359,-2.1195914847502801415,-1.5401267190467384793,0.90017346240334417118
1634722232.885453701,-2.1128924631229568654,-1.5388997369233932133,0.89975094586678228126
1634722232.9359073639,-2.1040772055994985124,-1.5364411329965126374,0.88615929469331788937
1634722232.99954772,-2.0928047267735543358,-1.532375412489749511,0.91292202440224756721
1634722233.0409562588,-2.082869921783875089,-1.5279834150495217315,0.90156356215524879882
1634722233.0845503807,-2.0767444900171319055,-1.5249766257941357317,0.90849400598568696985
1634722233.1280779839,-2.0683504157698622272,-1.5204314501971956108,0.90315043423748320173
1634722233.1623411179,-2.0598171884957303668,-1.5153715448982574276,0.9044581069727759548
1634722233.225073576,-2.0467770099455013799,-1.5069267215700075102,0.90172040107173989654
1634722233.2656364441,-2.0380301863360812398,-1.5006564259766337344,0.90471485810138907446
1634722233.3108518124,-2.0251493127525117544,-1.4904288322837127012,0.91029992122777025898
1634722233.3484983444,-2.016788778840305163,-1.4831531877250010432,0.90017057867199612442
1634722233.4053061008,-2.0064622069423680983,-1.4735774837423201156,0.91334795498934340241
1634722233.4473397732,-2.0004194467565334925,-1.4675984777405135517,0.90189321689685897354
1634722233.4981274605,-1.9886187834290107723,-1.4553118224134466985,0.90738200361382570502
1634722233.5386686325,-1.9791319647275338323,-1.4448074283665583994,0.90230585453114930949
1634722233.5865113735,-1.9717535961723711146,-1.4363948906935133376,0.90888851027112682601
1634722233.6420073509,-1.9611424802109789223,-1.4236423791533343586,0.90049494743055058521
1634722233.6974256039,-1.9527320009676814028,-1.4132086123546241385,0.90757526282714229282
1634722233.7345137596,-1.9462861122202530506,-1.4049993046919759809,0.91924931815571397919
1634722233.7684395313,-1.9415783658270158174,-1.3989493765916363177,0.90840892366978875927
1634722233.8199045658,-1.9326639049309493057,-1.3873219406684853539,0.91648727673408370009
1634722233.8591752052,-1.9271648732283939154,-1.3798843520727632761,0.89795391050975692515
1634722233.9000816345,-1.9219743094340526746,-1.3727914155278846398,0.90328962803518608737
1634722233.9355261326,-1.9171350950640200228,-1.3659503775687540372,0.89996035232795135173
1634722233.9748380184,-1.9147663978257432049,-1.3626755368087339892,0.90929115262984772095
1634722234.0202000141,-1.9082919738726016323,-1.353411083894642708,0.89989690646429787435
1634722234.0563111305,-1.9062940786656303871,-1.3505387507665291835,0.90186273968787511457
1634722234.0929813385,-1.9008106362604155759,-1.3425913451370985463,0.90265213730845661466
1634722234.1342844963,-1.8973710734660207411,-1.3377760670315876901,0.89681257445008588647
1634722234.1709632874,-1.8942389719860579511,-1.3334125375571528327,0.88947256882081759954
1634722234.2169616222,-1.8912811636756572398,-1.3294843517852330539,0.9088779824143752295
1634722234.2537920475,-1.8885262120667258845,-1.326026964546674014,0.90403974057650726692
1634722234.312176466,-1.8846412547071142995,-1.3215803098600040766,0.89357624480470287942
1634722234.3545789719,-1.8823269319846744896,-1.3192616850290088681,0.89308840095240005219
1634722234.3851721287,-1.88115960914923952,-1.3182253544829061198,0.90287121242215184758
1634722234.4373922348,-1.8778702691214281817,-1.3158636306448272535,0.90837035923398989912
1634722234.4741158485,-1.876804797920907486,-1.3152903914940057284,0.90677603947072926704
1634722234.5152266026,-1.8736352708568810854,-1.3142434895052494959,0.89272972146167284269
1634722234.553170681,-1.8716075155194900059,-1.3141444096328356306,0.90703435566931578382
1634722234.594540596,-1.8695610619977278688,-1.3144591903200284477,0.89871864434636239416
1634722234.6435763836,-1.8675629905189747859,-1.3151727503507946171,0.90207295443336921181
1634722234.6998407841,-1.8645738927696757781,-1.316910279734588185,0.91061505697188782626
1634722234.7657198906,-1.8616138200032616989,-1.319404014916990997,0.89718423525126045348
1634722234.8081841469,-1.8595918286758879034,-1.3214640425191315209,0.90554961947575018932
1634722234.8623433113,-1.8564800169254707107,-1.3249832605123572637,0.90480950298040374591
1634722234.9244434834,-1.853124052753105877,-1.3287653028200960836,0.89445934797984250064
1634722234.9728515148,-1.8495238972090786156,-1.3327256188696532391,0.90109245272627824797
1634722235.0346434116,-1.8457097388998315868,-1.3367528693336738765,0.8993570878941810065
1634722235.0852563381,-1.8429325731295278512,-1.3393608447187004273,0.89692907174841596252
1634722235.1368656158,-1.8385632778402392074,-1.3431551236571734886,0.89938355379468748474
1634722235.1913201809,-1.8338843959112300919,-1.3465468787217920177,0.88042904785744857676
1634722235.2464673519,-1.8306110537204998145,-1.3485323786033169835,0.89904656039959784941
1634722235.289598465,-1.8272851336147033496,-1.3503239957557595652,0.89552011036098067009
1634722235.3434140682,-1.8221894723822040785,-1.3526306842575910316,0.88787072504551245444
1634722235.4633994102,-1.8122274462924796712,-1.3552955338192014256,0.89746782442018524506
1634722235.4996159077,-1.8086990336882868835,-1.3558153473523113508,0.89067190573993415548
1634722235.5686981678,-1.8014914939319481846,-1.3558528694520370905,0.89245950437983412318
1634722235.6147413254,-1.7978791631176733734,-1.3553475181159451157,0.89334313329037295937
1634722235.6688263416,-1.7942501399274934926,-1.3543960982172118523,0.88734801068283464254
1634722235.7017943859,-1.7906224366027205797,-1.3531469937870419518,0.88221664992933468419
1634722235.75137043,-1.7851413135211868788,-1.3505837966712579412,0.88876797608762037051
1634722235.7947068214,-1.7814924773253337786,-1.348591135386484785,0.89861036184364406765
1634722235.8466918468,-1.7777932386246129148,-1.3462200063128657579,0.88882069522347229018
1634722235.9085359573,-1.7712866251728800471,-1.3416128566692542279,0.89339900250858350628
1634722235.996866703,-1.7620671016667344144,-1.3338851650000738136,0.89719253491616313134
1634722236.0664732456,-1.7566838879320882949,-1.3288242162949390757,0.89811920671229816815
1634722236.1056089401,-1.7540649558655634355,-1.3261450192981376617,0.89026813408397653671
1634722236.1536698341,-1.7490111648511150744,-1.320530854370780327,0.89148321050795109599
1634722236.1973583698,-1.7458051152745877044,-1.3166065656372645254,0.90416527613348807169
1634722236.2397303581,-1.7427880751839290863,-1.3126020931469684072,0.89025186604413608649
1634722236.3014845848,-1.7385675605152133283,-1.3063226758949217921,0.89068799609972981735
1634722236.3450579643,-1.7359468197495844244,-1.3019837885335872052,0.89608060646758347367
1634722236.3999032974,-1.7323328079395290402,-1.295469327639261703,0.89522395848342584124
1634722236.4385316372,-1.7301106777577861529,-1.2910646386540236552,0.90364379821961837713
1634722236.4956095219,-1.7271426102753160148,-1.2845762911801166251,0.88611854001741208187
1634722236.5423460007,-1.7253109118621539064,-1.2803532290759966905,0.88817436310923791876
1634722236.5955336094,-1.7227791937074197204,-1.2741476680975953872,0.89023386917845970245
1634722236.6284892559,-1.7215958909226094509,-1.2712117879872495418,0.89359435119643104706
1634722236.676571846,-1.7197296640997572492,-1.2665173862020400186,0.89951336493487665802
1634722236.7209675312,-1.7182954316643137549,-1.2629744446626025578,0.89781565982306466012
1634722236.7849137783,-1.716220195277719629,-1.2579869802753740338,0.90210196531772091078
1634722236.848306179,-1.713505670005845305,-1.2520996009846214747,0.89207584587880039972
1634722236.930583477,-1.7106641326672196168,-1.2469992812989305619,0.8887967070444515727
1634722237.0031328201,-1.7085039240260821991,-1.2436517106896580742,0.89236076087188509476
1634722237.0553312302,-1.7064970142797180053,-1.2411402410476510827,0.90280891093655024626
1634722237.1016385555,-1.7042983989019999669,-1.2390262648702408121,0.8922112426907220506
1634722237.1349964142,-1.7024355023680233234,-1.2373633927228928631,0.89824403489105897336
1634722237.1748638153,-1.7001883478206658573,-1.2355661591216866579,0.88446526457583485303
1634722237.2224087715,-1.6982188659747097237,-1.2342517160291472944,0.88977663306104459728
1634722237.258030653,-1.6967618838665985415,-1.2333929780668817511,0.8757051653310787831
1634722237.3464496136,-1.6921452884399130756,-1.2310782329104310584,0.88862756345554272386
1634722237.3894228935,-1.6905702747880706482,-1.2305585286760862829,0.88256950361568864416
1634722237.4371039867,-1.6866608691007687337,-1.2297534685077171623,0.89358143390109334714
1634722237.490881443,-1.68335265544234014,-1.2292677952798285457,0.89127380770594999415
1634722237.538836956,-1.6817397713168749096,-1.2290934496840031365,0.88498890029227306186
1634722237.5750007629,-1.6795754789741133006,-1.2288612951111028693,0.8932883947102312483
1634722237.6285376549,-1.6758927363339468641,-1.2284508851884874403,0.90071164837101380662
1634722237.6981544495,-1.6734297677871132759,-1.2280843079170955523,0.89609911986095869274
1634722237.7405390739,-1.6715185154342526719,-1.2276496829473739769,0.89660518223725849118
1634722237.80778265,-1.6680808513318143849,-1.2265509642087528697,0.89541483521042519733
1634722237.8432853222,-1.6666147506126340883,-1.2260808366329423169,0.89250437702749985114
1634722237.8837883472,-1.6641045021450304731,-1.2250820646633906463,0.89521057751645360945
1634722237.9361438751,-1.6609381400688714159,-1.2236639023207467325,0.89744258817802380346
1634722237.9831912518,-1.6593300952090439537,-1.2229193595628777835,0.89274269157671271024
1634722238.0321228504,-1.6555763882319056712,-1.2208875050715122246,0.89848459598866792231
1634722238.0741627216,-1.6534204042662246081,-1.2196935338577490349,0.89715129609014732104
1634722238.138327837,-1.6501101679578780157,-1.2178539896096203243,0.88880029017774475619
1634722238.1778504848,-1.6479853537456148338,-1.2165571691996761583,0.88363097610525453973
1634722238.2372319698,-1.6449812224916324777,-1.2145390415024375219,0.88045031508795801312
1634722238.2804708481,-1.6430463904352659021,-1.2131739763877906757,0.88733507961191460112
1634722238.3227748871,-1.6411400729461596004,-1.211773319373556701,0.88159996268772622408
1634722238.3620324135,-1.6402184830616524103,-1.2110262488289622596,0.88481180287798621986
1634722238.430347681,-1.6358405207681416815,-1.2069494149631490032,0.88572437776049839364
1634722238.4757108688,-1.6341465751010280094,-1.2051461137920913558,0.8820271751085144718
1634722238.5201070309,-1.632486892149588753,-1.2033027944443770441,0.88202953355930502344
1634722238.5651266575,-1.6309131693660878781,-1.2014474737822620209,0.8766109654703294618
1634722238.5917437077,-1.6301608928878719151,-1.2004880251635123845,0.88356061546500064274
1634722238.6463916302,-1.6279498704861032898,-1.1975135600309978479,0.87317635936250403983
1634722238.6857037544,-1.62660010364009322,-1.1954526532903695379,0.8665997086828127749
1634722238.7493417263,-1.6246327126966466636,-1.1923070198035992107,0.87252012617152052698
1634722238.7798233032,-1.6234577464639514677,-1.1901423064506551075,0.87132542496979992208
1634722238.8633334637,-1.6211268363500463963,-1.185792039435057843,0.86634457951367127571
1634722238.8845210075,-1.6211268363500463963,-1.185792039435057843,0.86587639243168301739
1634722238.905269146,-1.6199908427669731381,-1.1835755216286087954,0.86874421927984801783
1634722238.9341490269,-1.6187565009807232119,-1.1813472071560264798,0.86050049767109948462
1634722239.0357778072,-1.6157126456677293191,-1.1753483799233794826,0.87014571193802370264
1634722239.056527853,-1.6157126456677293191,-1.1753483799233794826,0.86839545820452612723
1634722239.1666462421,-1.6115733604764619358,-1.1677905843900637795,0.85975604572382680058
1634722239.1871879101,-1.6115733604764619358,-1.1677905843900637795,0.85770716266285995655
1634722239.2079687119,-1.6099124391452586114,-1.1652136490838875815,0.86176919025843401467
1634722239.2428300381,-1.6080819822102627725,-1.1626808061928028959,0.85570991697620446548
1634722239.2742507458,-1.6059813953636530304,-1.1601400703564199723,0.86215109358003583218
1634722239.3301110268,-1.6023965247701674741,-1.1564938345271711384,0.86599607584538162985
1634722239.373821497,-1.5996847668698117584,-1.1541796790894442992,0.86369556083192322582
1634722239.4148337841,-1.5968153826599298384,-1.1520777178112093786,0.86524315403992724249
1634722239.4759106636,-1.5929341325243882022,-1.1499147530195519273,0.86232112028672158743
1634722239.546500206,-1.5870100189152582804,-1.1478367816658019418,0.86811164449861932813
1634722239.5983092785,-1.5811274729162698716,-1.1460295895067744709,0.85866785419211799635
1634722239.6563830376,-1.5748287097698978609,-1.144443349088605455,0.86671795397312201281
1634722239.7263512611,-1.568190987611743914,-1.1431184935053253504,0.86779416494451999675
1634722239.7738392353,-1.5612794999022863163,-1.141878231986253045,0.86739901318988943402
1634722239.8187971115,-1.556540386191011649,-1.1411685554209245463,0.86798449850640879699
1634722239.8768620491,-1.54913649950184662,-1.1401499103047683104,0.86791213560528412962
1634722239.9188535213,-1.5441253925838427374,-1.1395241903391402083,0.85820704017937443631
1634722239.96804142,-1.5364845790480907706,-1.1385809976520033793,0.86753065977601018233
1634722240.0176081657,-1.5313189633051267347,-1.1379395245691517058,0.86478612467795545893
1634722240.0671479702,-1.5261408327612679958,-1.1372016741066279799,0.86900094220035128956
1634722240.0983903408,-1.5209317756834237478,-1.1363802673788452324,0.87278327783702769338
1634722240.1431427002,-1.5157276250547431218,-1.1354854028531831123,0.8724248795874185447
1634722240.1856634617,-1.5105981546537665672,-1.1345477493416169512,0.87441837410867651048
1634722240.2181851864,-1.5054850444456371328,-1.1335229167832865382,0.8755885129140268397
1634722240.2734091282,-1.497857726234284037,-1.1318778521158678885,0.86128240490596308376
1634722240.3104119301,-1.4929679061900931192,-1.1307083117098040148,0.86930011087030856221
1634722240.3541998863,-1.490547769126124189,-1.1301173451803752101,0.8704686178950911124
1634722240.3935332298,-1.4833573015889847113,-1.1281711908460969607,0.86813195352797523086
1634722240.4319000244,-1.4787472788386986089,-1.1268629871145878774,0.86386453034023924502
1634722240.4904911518,-1.4743244405802844454,-1.1254843538159353677,0.86637990517828677994
1634722240.5348207951,-1.466901967568096099,-1.1230125681403220206,0.8608627123333034703
1634722240.5831112862,-1.4638806307535168205,-1.121910573032244729,0.86622816271916158737
1634722240.6363658905,-1.4569398200642909025,-1.1192738596443896348,0.86005265955271004152
1634722240.680847168,-1.4540563291154944281,-1.1181137602240935891,0.86005372141491664983
1634722240.7214410305,-1.4503533801686503413,-1.1163804539056461085,0.86707952713370106679
1634722240.7787442207,-1.4449668423306547549,-1.1135163279485600363,0.86754455615084391518
1634722240.8157560825,-1.4414022112448807711,-1.111485901676313004,0.87565943965577841546
1634722240.8684256077,-1.4379158120923696274,-1.1093325914583069824,0.88160774657496787654
1634722240.9091105461,-1.4344653326217819966,-1.1071474315018470236,0.87332398879183681384
1634722240.9448537827,-1.4302331139428801077,-1.1042861162789985308,0.88583819175641054233
1634722240.9862501621,-1.4269740024020820535,-1.101859359731264032,0.88312661154951144216
1634722241.0198235512,-1.4245871890394570247,-1.0999889146298955644,0.8809882852625845473
1634722241.1056802273,-1.4176409726278351719,-1.0944004111191294459,0.88539050570920907468
1634722241.1559782028,-1.414156224183486632,-1.091362730871470843,0.88122919663515930644
1634722241.2048635483,-1.4116387813503998849,-1.0890054854254609396,0.88220346960330675579
1634722241.2620978355,-1.4082542853097059776,-1.0856685974573581088,0.87991152796096994138
1634722241.3159513474,-1.4055091219010555914,-1.0826159538591477727,0.88830104677249144274
1634722241.3945252895,-1.4028563672575946608,-1.0791767748387299797,0.89177670599807590257
1634722241.433580637,-1.4019595850028780948,-1.0776881296017291056,0.88890870130292587437
1634722241.4927480221,-1.400806600084467668,-1.075808743322142158,0.89196623077919434674
1634722241.5516705513,-1.3999549458791211709,-1.074291398588383073,0.89605893774940703622
1634722241.6099395752,-1.3999098149079376441,-1.0731398420130233706,0.89393096797095050743
1634722241.6687672138,-1.4003130159932641874,-1.0723902724862943714,0.89536597959301200689
1634722241.7309713364,-1.4010329387081790209,-1.0720098753020841365,0.89583337622707415182
1634722241.7820057869,-1.4016528724708523512,-1.0719859885182101422,0.88814640158333491016
1634722241.8556046486,-1.4029091355222378379,-1.0725714206979672927,0.89662964739237893674
1634722241.9177229404,-1.403639240181554726,-1.0733959804704495955,0.87750522108677397881
1634722241.9522285461,-1.403903837484746564,-1.0740072680326739896,0.88300546882909358715
1634722241.9940669537,-1.4039290186341708555,-1.0746152697095041617,0.87417966872044994275
1634722242.0745515823,-1.4029666158572680068,-1.0754786276589545224,0.86767145077962615218
1634722242.119787693,-1.401814163670448421,-1.0756426442415891742,0.85545890027116788801
1634722242.1607050896,-1.4001595488237883469,-1.0755857007552238613,0.85898671266477844011
1634722242.249573946,-1.3949854068042939481,-1.0744666942268232823,0.83352049983533604838
1634722242.2840733528,-1.3913470252700861352,-1.0732740578209905014,0.83837994770987378512
1634722242.3334496021,-1.3844433929958788188,-1.0705439150995355035,0.83314463563015417336
1634722242.3660442829,-1.3817282000806445641,-1.0693351228693150912,0.81347253512243522522
1634722242.4197089672,-1.3722433742229716014,-1.0647426119233642794,0.81304301008574131338
1634722242.4573397636,-1.3648192110521297771,-1.0608522750130200407,0.80294974233637073091
1634722242.5085504055,-1.35201449844906052,-1.0534542166462892432,0.79479504248685617362
1634722242.5528225899,-1.3423830456158720725,-1.0474741615329483668,0.78591699414342930385
1634722242.5901603699,-1.3318497427341258188,-1.040486788015216213,0.77490633145657406011
1634722242.6316699982,-1.3203922113869994703,-1.0325370731186083173,0.76955806013934369147
1634722242.6761276722,-1.3079943907313054119,-1.0235808815872606825,0.75160336355172563394
1634722242.7238531113,-1.2947232934422292505,-1.0136322431215609718,0.75142131787408605881
1634722242.7561993599,-1.2804660633036681894,-1.0025591500002954959,0.73947395693333717315
1634722242.8072199821,-1.2572735699430799272,-0.98394688862901524828,0.72611088209242224956
1634722242.8447241783,-1.2490580724489694919,-0.9771772073554112481,0.72018324035590941534
1634722242.8764774799,-1.2319822901599559728,-0.96284541319298977413,0.70860803277998052341
1634722242.9565105438,-1.1950111006873165298,-0.93080630870404412747,0.70001254209238861215
1634722242.9769642353,-1.1950111006873165298,-0.93080630870404412747,0.6854930972926878141
1634722243.0505626202,-1.1438591643602751269,-0.88481214921746809132,0.66565286200581108567
1634722243.1106626987,-1.1106917368825486303,-0.85420278921905268277,0.66160174506475777356
1634722243.1571161747,-1.0817707021225224651,-0.82714944693937719755,0.65712907152973087932
1634722243.1991021633,-1.0759147213238517971,-0.82163381936181789644,0.62975621413939675275
1634722243.2385361195,-1.0397983082983204284,-0.78751989698489965885,0.61555937094359347572
1634722243.2897965908,-1.0150216359291983625,-0.76406181423827657095,0.60902939038551084927
1634722243.346391201,-0.9769090086808219775,-0.72804248920580982851,0.59874663179378950773
1634722243.4201514721,-0.92492495854678913325,-0.67898108639869547698,0.57500370507507547746
1634722243.4639892578,-0.89855852480672926408,-0.65424441432326829737,0.564042966447761418
1634722243.5103225708,-0.87214281739809906835,-0.62964311238380443747,0.55406138039396812811
1634722243.5559999943,-0.8323554072743630794,-0.59303061381591559709,0.54135616057774638143
1634722243.6815388203,-0.7532958514775757175,-0.5218823827161386264,0.52014265830972439275
1634722243.7385914326,-0.71486669587512197133,-0.48821555465274918406,0.5141493206062175414
1634722243.7740163803,-0.6899317217985460049,-0.4666863835494597379,0.49107352434982581846
1634722243.8057215214,-0.67764918948460062254,-0.4561840885654354083,0.49247520379988607431
1634722243.8586530685,-0.64162638610959710217,-0.42623616187148738454,0.48410202340195807036
1634722243.8936569691,-0.61855683851791209982,-0.40743128772673575799,0.47399122539318239156
1634722243.9712831974,-0.58559528021406359599,-0.38114565209983103378,0.46814410199865608142
1634722244.041560173,-0.54526342547632966617,-0.34960556206970511139,0.46690862007676747769
1634722244.082108736,-0.52680897068621357349,-0.33536522849651329015,0.4589329188428952766
1634722244.1213269234,-0.50936347920646563026,-0.32221107783985158957,0.45558620798001925323
1634722244.17273283,-0.48541927376807614269,-0.30457298836552126886,0.44592457612328950667
1634722244.2238135338,-0.47077755335046311824,-0.2942048567566664663,0.44622373618643096371
1634722244.2810997963,-0.45070392210180665327,-0.28078801974609157721,0.43458610467244945808
1634722244.3152270317,-0.43857549463352796248,-0.27322920118303700709,0.43467782837842738886
1634722244.3623037338,-0.42736087174442383141,-0.26668522853223425306,0.42863549692995467355
1634722244.4321050644,-0.40594568208237125084,-0.25583817665062075219,0.42178938749920702467
1634722244.480701685,-0.39991381576581747082,-0.25330288183006832714,0.42296619904620463837
1634722244.5199351311,-0.39263511491597508085,-0.25070540164328591892,0.41729170350438393733
1634722244.5705153942,-0.38359823248449392841,-0.24831528989952891817,0.41712350522003860398
1634722244.6333744526,-0.37638899668507741492,-0.24769536977666750666,0.4125010455005631016
1634722244.6867308617,-0.37237330314091621197,-0.24820540813228522681,0.41183239904214696825
1634722244.7245810032,-0.36897409779613471459,-0.24935055640447881253,0.40799631029656130421
1634722244.7666010857,-0.36600108637316303151,-0.25113984141079270795,0.39993331966260814436
1634722244.813863039,-0.36248045826271285685,-0.25498091725906535387,0.40512483253765918523
1634722244.8638072014,-0.36062449905925642035,-0.25823532628621009843,0.40453465403726407423
1634722244.9058847427,-0.35909128221457359276,-0.26211335193176815705,0.40362532511583099071
1634722244.9442286491,-0.35774575488934601264,-0.26648879869933855824,0.40227981032784076998
1634722245.008038044,-0.35549730418890890249,-0.27658338539570820336,0.399723199784400407
1634722245.0614547729,-0.35454671343221816349,-0.28212425516933081759,0.39438766374738631892
1634722245.102127552,-0.35369789815955854362,-0.28781009510106697613,0.39576028605833724061
1634722245.1439871788,-0.35291819551159092638,-0.2936435840725625801,0.39866297704396658208
1634722245.2026488781,-0.3519251925033076156,-0.30237979878637782916,0.39539795742208189155
1634722245.2465531826,-0.35100214508196203589,-0.310877728140936338,0.39390811597982050563
1634722245.3117005825,-0.35007802371941337816,-0.31914037759516117321,0.39291010513367752299
1634722245.3516938686,-0.34936500520962188165,-0.32431718390868341517,0.39461089834161222623
1634722245.4048986435,-0.34854681904710954621,-0.32929199239564121982,0.39402436758409925543
1634722245.4387407303,-0.3475049218403173934,-0.33397102324976735144,0.39112646301913706059
1634722245.4909296036,-0.34565353987721081364,-0.34067391425824494755,0.39384694725112961988
1634722245.5236001015,-0.34494911172827880108,-0.34280960528833431811,0.38549112478674513182
1634722245.5609912872,-0.34341829025418579846,-0.3466744240709546121,0.38162044568554626123
1634722245.6098804474,-0.34037452077467095224,-0.3520233186518306745,0.38058308788813505208
1634722245.6737895012,-0.33707601058053593412,-0.35577967694834305989,0.3818867317239149628
1634722245.7344284058,-0.33339379100973726144,-0.35841263686392987875,0.3801506524752275018
1634722245.7944645882,-0.32952739774593070576,-0.35976623511414035361,0.38125562067486890028
1634722245.8346636295,-0.32722406768342277017,-0.36037175216967848312,0.37874653005802316752
1634722245.8802573681,-0.32536723757238722454,-0.36104927931255009765,0.38029666540236650718
1634722245.9173851013,-0.32451068001676586228,-0.36208976841756468357,0.37959457626385684215
1634722245.9707434177,-0.32602803481751441161,-0.3649656613705472008,0.37468006087463423537
1634722246.0408732891,-0.33199375054069762969,-0.37026909007886776859,0.3769168155116117136
1634722246.1155059338,-0.34842734266792302344,-0.38153502392046939606,0.37782824100926504229
1634722246.1609070301,-0.36022919308136686078,-0.38904138131244347942,0.39402493512266767439
1634722246.2170186043,-0.38218234855376043146,-0.40236958788437149348,0.4035826705524212521
1634722246.2472345829,-0.39046402146486031137,-0.40733442838909034167,0.44426839686187780121
1634722246.3082191944,-0.41773878958372168135,-0.42357053146874723559,0.4560327178321992303
1634722246.3493256569,-0.4479063191820071288,-0.44155306861021209608,0.46995297191152851646
1634722246.4121639729,-0.48041616803267378488,-0.46091819590040455923,0.47808169287993201868
1634722246.446596384,-0.49167507392660070309,-0.46764706644618009301,0.48670598615576010637
1634722246.4932963848,-0.52651089636701253749,-0.48867086244968183095,0.49539512115173256479
1634722246.5383062363,-0.55049767744337807507,-0.50339943821041199801,0.50991814126349810365
1634722246.5709767342,-0.57483999315416023368,-0.51868230036748708134,0.51348930559517080852
1634722246.627979517,-0.61200920136228631474,-0.54268487318086489068,0.52348593070347182454
1634722246.6712765694,-0.63707624285901798267,-0.55940446738433435847,0.53414502310624012438
1634722246.7314224243,-0.67485406844054607323,-0.58543817301466860581,0.53887248724560188329
1634722246.7658741474,-0.68744180601776339046,-0.59431395187059898877,0.54649300481474605284
1634722246.8188381195,-0.7249981591570091588,-0.6213432019988617272,0.55303613953340291509
1634722246.8756816387,-0.76194363127410735803,-0.64860464413183449572,0.55746756798785535025
1634722246.925229311,-0.78597258887829446472,-0.66662617526382050848,0.5636044548996514969
1634722246.9644107819,-0.80926330790614220412,-0.68439666481934724462,0.56854762653099610858
1634722247.0093243122,-0.84269119334457853743,-0.71051700931991967902,0.57304489042711370672
1634722247.0481364727,-0.86367572989409535644,-0.72739578539844318428,0.58237671527348089384
1634722247.0870451927,-0.87372033930376280519,-0.73561074868142439787,0.58271370785699572181
1634722247.1350851059,-0.90229978315482239903,-0.75967823315322813293,0.5838746773095617737
1634722247.1707191467,-0.9198298154380183389,-0.774951681504755574,0.5948011524659417848
1634722247.219866991,-0.93598607031024227965,-0.78959574693387091227,0.59018241211971511628
1634722247.2539498806,-0.95088845771144836494,-0.80356803216899153064,0.59979606685945097144
1634722247.2867052555,-0.95781678527611591178,-0.81029676824643670496,0.60219944912428435835
1634722247.3392705917,-0.97671928924010198436,-0.82935651959240830333,0.60938703285013873234
1634722247.3946964741,-0.99270639663890836157,-0.84663376868185147295,0.60964507767990872011
1634722247.4441020489,-1.0018304286380113055,-0.85717863301637631235,0.60583859809484530423
1634722247.4757153988,-1.0096115797678431036,-0.86668327251698096259,0.61994562761335703094
1634722247.5178794861,-1.016222590334186604,-0.87529923950014265621,0.63041308349296643065
1634722247.5694229603,-1.0242376138264648322,-0.88648977819102092734,0.62951403321627563692
1634722247.6041829586,-1.0264500632834951954,-0.88978938742032365194,0.64238935546337927462
1634722247.6520047188,-1.0315561914295672263,-0.89819168791092574011,0.64595138088926118414
1634722247.6884832382,-1.0328014388316903993,-0.90054141850445379447,0.6498155280086801433
1634722247.7346439362,-1.0353184187373443148,-0.90619544408246954781,0.64426091201918689322
1634722247.7697713375,-1.0360347368206554997,-0.90882141398808824473,0.66212002845054418465
1634722247.8039386272,-1.0361632660741908474,-0.90980082381348248433,0.67268414130277454088
1634722247.8440332413,-1.0358980752130826364,-0.91104622674568425111,0.67202417117542467828
1634722247.8895196915,-1.0346088659839574042,-0.91123694708477920301,0.67873532005528325328
1634722247.927457571,-1.0332341022918676288,-0.91035052818535922015,0.68152174547433075347
1634722248.0511639118,-1.0273070573511315917,-0.90302758264903493224,0.68738575838858828604
1634722248.0740923882,-1.0273070573511315917,-0.90302758264903493224,0.69127678017580895808
1634722248.0948836803,-1.0250285534337357785,-0.89899660455157548444,0.69424514825522831707
1634722248.1883111,-1.020411654158513759,-0.88900449543975224032,0.70370570161994527858
1634722248.2109360695,-1.020411654158513759,-0.88900449543975224032,0.70949965086555299987
1634722248.2434129715,-1.0170787236493061823,-0.88017638796994213113,0.71326155781957778501
1634722248.2789647579,-1.0150287211455124581,-0.87370992748708420361,0.70701236103297671054
1634722248.3237740993,-1.0131309910526069551,-0.86705724901692382556,0.72042436822093125492
1634722248.3676846027,-1.0108276980599362194,-0.85669652182520916739,0.72256464192822233983
1634722248.4628617764,-1.0083566767378404627,-0.84052284233884067,0.73881768538962988568
1634722248.5015642643,-1.0079295042658045212,-0.83503967888948138487,0.74038054402231645579
1634722248.5502645969,-1.0075543762001948345,-0.82416223942819777371,0.75062069150096166759
1634722248.5815503597,-1.0076101550523344219,-0.82057392691710939747,0.74269393795510429968
1634722248.6268353462,-1.0084191904316510691,-0.80841056691683521596,0.75091687003570306569
1634722248.6748476028,-1.0090346526332139021,-0.80338028347933543305,0.74998286961100146808
1634722248.7315113544,-1.0107720948903700098,-0.79380889052888092827,0.74630883641701206699
1634722248.7733383179,-1.0128096904726731076,-0.78639048933566446653,0.75894416285716004289
1634722248.8132119179,-1.0146148956108693717,-0.78091829638161225358,0.77326466850469000036
1634722248.8694593906,-1.0173627211681399718,-0.77466923673918730575,0.76886124127322119648
1634722248.9003372192,-1.0185265635626825631,-0.77233479192467568986,0.77660095079371016524
1634722248.9419593811,-1.0210887591432835642,-0.76809450043749116777,0.78061626916135162801
1634722248.9859814644,-1.0237468756626826316,-0.76428105248946198724,0.78059353963204003435
1634722249.0304749012,-1.0288990329710900884,-0.7586617809218527686,0.79508644777585024688
1634722249.0702402592,-1.0312487997577921561,-0.7566935996994627045,0.79463452905383391567
1634722249.1038432121,-1.032843021405879691,-0.75552778232975625894,0.79655663876694782211
1634722249.1353211403,-1.0360901898060008719,-0.75351848688213407534,0.7972571623601001356
1634722249.188393116,-1.0407669245628321519,-0.75130952621725122231,0.80664583287751923102
1634722249.2368750572,-1.0437993677765020628,-0.75040593794962329177,0.81580262124277636016
1634722249.2811453342,-1.0467797204179563053,-0.74990834148655127755,0.80526389193412817313
1634722249.3159587383,-1.0502797568415904728,-0.74987215113015293078,0.81951635479187623368
1634722249.3635294437,-1.0522087682987926183,-0.75019743395628479821,0.82016464883179995837
1634722249.406621933,-1.0547062447729593782,-0.75092822326001462674,0.82612528828017328664
1634722249.4517998695,-1.0580120286494918425,-0.75277506012872164032,0.83020801826555001846
1634722249.5021831989,-1.060432176453833808,-0.75501349378150039993,0.82538109678705051664
1634722249.543129921,-1.0616994923715257215,-0.75648622051211711348,0.83461623640343463038
1634722249.5810945034,-1.0633170716768716169,-0.75914026669765366506,0.83262968338357468134
1634722249.620100975,-1.0644120000906240886,-0.76146771504896659799,0.84213415993881113319
1634722249.6520650387,-1.065096227527422057,-0.76405454251477589178,0.83481236277337189655
1634722249.7024774551,-1.0654983704649918508,-0.76681909849774920751,0.84813965178091021979
1634722249.7515380383,-1.0654482027275440359,-0.77047909418559346051,0.84628658927458211281
1634722249.8059132099,-1.0649843883616640916,-0.77351145683050859247,0.8556344529120515352
1634722249.8401648998,-1.0638085606526415106,-0.77733687084373404019,0.85644270654809706578
1634722249.8842206001,-1.0627308570188294112,-0.77968984221048298622,0.84962108708822214886
1634722249.9182271957,-1.060891876591253169,-0.7827319518783329988,0.84825530750444610995
1634722249.950578928,-1.0598199519142865732,-0.78426843232946508166,0.859683214538464191
1634722250.0078532696,-1.0539481309942946297,-0.7902677123354372446,0.85964031443941779642
1634722250.0457479954,-1.0502964783300678953,-0.79302663605065493169,0.8674447560221417719
1634722250.0982847214,-1.0461973706650109506,-0.7956060042376635888,0.8711107206789278079
1634722250.1449625492,-1.0405161124879893642,-0.79852321597222275518,0.87082273802209564373
1634722250.2013361454,-1.0329046467267899434,-0.80169573108457692356,0.86379231994132188444
1634722250.2361917496,-1.0273454831930743936,-0.803549499116526178,0.87790869385101666378
1634722250.2869870663,-1.0214982183177889752,-0.80511030761255908406,0.87396106876376822292
1634722250.348013401,-1.0121881411108617499,-0.80683793209524712342,0.87863292212207788623
1634722250.4056105614,-1.0025076308398646052,-0.80786100281862704975,0.87143578945046218376
1634722250.4483869076,-0.99749905372535341286,-0.80805141702112159852,0.88138090951492031877
1634722250.5107572079,-0.98179412311063896102,-0.80765577179994862966,0.87524667305406145257
1634722250.5496382713,-0.97821485731261481611,-0.80731184121275534338,0.88766830001477881051
1634722250.5986917019,-0.96722256632463587955,-0.80570619956907185699,0.88628785033040680119
1634722250.6413714886,-0.95977392756781765293,-0.80419087575664294221,0.88962024494631686267
1634722250.6939806938,-0.94854816151547827197,-0.80132310499522552139,0.89216974732523934843
1634722250.7410197258,-0.94109973410748393174,-0.79893916565381650763,0.88701579243177597345
1634722250.7932143211,-0.9298636621058870011,-0.79480854309910775601,0.89187610210663759158
1634722250.8415071964,-0.92238863287999417473,-0.79163398737361490021,0.88945974106539527071
1634722250.881768465,-0.91501780537463961451,-0.78811607659206095455,0.89261810448897771497
1634722250.9239339828,-0.90773217213773527146,-0.78431412886740603518,0.89092848090175369435
1634722250.9631268978,-0.90055717657618905569,-0.7802637787464283825,0.88977965450054197216
1634722251.0108623505,-0.89350320146782502562,-0.77592736550033947207,0.88928980892045217388
1634722251.118530035,-0.87325462119287888818,-0.76116637604809067597,0.89191902020925684091
1634722251.1395292282,-0.87325462119287888818,-0.76116637604809067597,0.89353807981625155143
1634722251.1651201248,-0.86680786504139462068,-0.75584982167345271531,0.8896694399495359562
1634722251.2199313641,-0.85749720574001320195,-0.74772448801764013204,0.89807462994563103109
1634722251.2639110088,-0.85154301758374872922,-0.74222338604379445304,0.88837304816444617739
1634722251.3113405704,-0.84281053689532292594,-0.73377021365844130596,0.88374801519463375143
1634722251.3526988029,-0.8372821441870581527,-0.72815305208101344103,0.88573718596136608028
1634722251.3918132782,-0.83197460695843361567,-0.72257219857765098148,0.87954647828685805777
1634722251.4439766407,-0.82683019736846474768,-0.71695209913642066191,0.87891940507544408234
1634722251.476995945,-0.8217400518550402877,-0.71144892155639094522,0.88117683737006113898
1634722251.5198383331,-0.81686982953092657223,-0.70603877341718546123,0.88379358961983589538
1634722251.5515933037,-0.81209525818695704746,-0.70054465085630923671,0.883145631067081327
1634722251.5928637981,-0.80764213734274914458,-0.69529734554340583141,0.88069407162851809368
1634722251.6445314884,-0.80344206307406629275,-0.69103573941115936652,0.87402642810958575126
1634722251.6789488792,-0.79912276729835418632,-0.68594208950142021575,0.88003445358825582723
1634722251.7255966663,-0.79491469195014408111,-0.68098523983956882333,0.87570903413097567203
1634722251.7627866268,-0.79090283826253504618,-0.67615778967066919591,0.87915733407080498552
1634722251.8212413788,-0.78510723382325575681,-0.66925984986661490872,0.87151264884490609042
1634722251.8654909134,-0.7814096044730467483,-0.66490977959808650333,0.87748633727270253235
1634722251.8996510506,-0.77777874284271319993,-0.66075469438848388748,0.86682756562934670796
1634722251.9484605789,-0.77236177342356993059,-0.65498290695813266016,0.87220603387672124285
1634722251.9888646603,-0.76872666582888671272,-0.65142783179180496766,0.86815433623652094042
1634722252.0358331203,-0.76499930548336281255,-0.64802138031562084297,0.86701086560781570611
1634722252.0722074509,-0.76115697759152123325,-0.644778175447360824,0.88213755736216770131
1634722252.1040513515,-0.75920121585888467042,-0.64325515591995330311,0.86440882408115249369
1634722252.1446027756,-0.7542068394659795505,-0.63972996596749343023,0.86996582339281669505
1634722252.1802937984,-0.75113464735684742912,-0.63773572285847079932,0.86823856799277310259
1634722252.234744072,-0.74482304685656908205,-0.63422322637975081516,0.8757444954146997862
1634722252.2786915302,-0.74046675317722687737,-0.63211327211562973183,0.86665348082536552976
1634722252.3202466965,-0.73492514491426241818,-0.62979341671788735546,0.86591505915774424906
1634722252.367130518,-0.73149776104091934759,-0.62847763742466489223,0.86543694428586837031
1634722252.4030992985,-0.72688322141103223206,-0.62691014480866213976,0.86849624818212989297
1634722252.4532372952,-0.71994239624157418955,-0.62497010720267509587,0.86093416690005675207
1634722252.4900884628,-0.71528887591422674053,-0.62381351796675266197,0.85972757775867680863
1634722252.5526027679,-0.70823689128015787642,-0.62229084195492834208,0.86464783015712831649
1634722252.5897641182,-0.70592734744800700319,-0.62181772710292426698,0.8647136690454917396
1634722252.6453499794,-0.69781889300247390562,-0.6203428186385095966,0.8634353916042618593
1634722252.6923983097,-0.69198054625818228303,-0.61947617769993523762,0.8577318691300349629
1634722252.7315015793,-0.68964763043579058177,-0.61914108758708730207,0.85776844346073044534
1634722252.7755994797,-0.68257121198464876244,-0.61819258282962730178,0.86071874402922343705
1634722252.8223280907,-0.67787551120913758229,-0.61765162826494635073,0.85998549752752506681
1634722252.8680975437,-0.67308727597205697535,-0.61711689476941922194,0.85375819231120542163
1634722252.9054245949,-0.66822818429040131694,-0.61654500568878511935,0.85802168044817450632
1634722252.9582481384,-0.66091535071118467926,-0.61567934353527786762,0.85152012819122213649
1634722252.9913523197,-0.65597639818490560693,-0.61501972269501337109,0.85693650641742191709
1634722253.0797622204,-0.64597694595523080796,-0.61359685292046950433,0.84867976647256226919
1634722253.138479948,-0.63837527312839936755,-0.61240156924167066244,0.85006584269506124674
1634722253.1781988144,-0.63326687012842941549,-0.61145176892360619814,0.84788385068874116968
1634722253.2291183472,-0.62821080748594748666,-0.61031447336551158944,0.84696305283640249684
1634722253.2767963409,-0.62055057641867994445,-0.60829078769888134115,0.85063123977148302757
1634722253.3195300102,-0.61535887206333383936,-0.60672651452021353347,0.84436513139864688426
1634722253.379462719,-0.60761172637279425857,-0.60414571884183110306,0.8378401354069888729
1634722253.4166941643,-0.60249537978011835637,-0.60217410848943031532,0.84467456201081747569
1634722253.4723527431,-0.59355316812315161989,-0.59834575013129553955,0.84366521928490711968
1634722253.5113666058,-0.58976345197808566212,-0.59661350110981303807,0.8456538137999635163
1634722253.608168602,-0.57976225108853396417,-0.59152577998776845192,0.83947412896792195092
1634722253.6471669674,-0.57231630174570524705,-0.58747313710894244476,0.84792753438759282947
1634722253.7085461617,-0.56739627262356306936,-0.58468973637951415778,0.84244542009705258856
1634722253.7836124897,-0.55747934578000113426,-0.57910360933907578662,0.84504997138513493482
1634722253.8320250511,-0.54893489147613550028,-0.57421446557538791122,0.84704304783808170853
1634722253.886095047,-0.54532933766467595049,-0.57215168311826791747,0.84467206780498549357
1634722253.9228053093,-0.53812721021075260452,-0.56806047165142647959,0.83942791326438015442
1634722253.9703302383,-0.53346350051712709828,-0.56537755942261325171,0.8448617424557054445
1634722254.0145521164,-0.52899697074507967542,-0.56279057790698983066,0.84268751627916471669
1634722254.0702726841,-0.52252922554747782691,-0.55915172363912990505,0.83993898932908139798
1634722254.1151411533,-0.51749561916038055998,-0.55637181665296420174,0.84462923461816608039
1634722254.1535048485,-0.51365629151876424086,-0.55437692146780603863,0.85079728665477105665
1634722254.2058575153,-0.51010255709754570574,-0.55254992559721061163,0.85139206077584694832
1634722254.2434709072,-0.50676963746708159064,-0.55088629739581818079,0.84337763208617122501
1634722254.3022525311,-0.50210155145432255885,-0.54888493219144562918,0.85042159264719585643
1634722254.3493943214,-0.49787581241199208026,-0.54743442802693942362,0.8477236499182501106
1634722254.3966267109,-0.49594517886042249755,-0.54690133471649637897,0.84272655097670312596
1634722254.4537558556,-0.49202870060612391434,-0.54604594271010664652,0.84203629309003780179
1634722254.4972212315,-0.49060686534837627537,-0.5458609490860009128,0.85136297264010485364
1634722254.5441710949,-0.48853607821337241557,-0.5457319184644957577,0.84545541078406449831
1634722254.5890152454,-0.48781899623002172861,-0.54574532391488517202,0.840974130457583402
1634722254.635822773,-0.4852346406438565185,-0.54637036635126323691,0.83775201645350749757
1634722254.6874480247,-0.48372190370541451321,-0.54705135804768689756,0.83431441773087922087
1634722254.7493588924,-0.48260831621245570133,-0.54771329197757212537,0.83065568447003979013
1634722254.7907454967,-0.48196236435350836569,-0.54805479650878696773,0.82411882511497935866
1634722254.8327913284,-0.48129825320055685811,-0.54826049374278784665,0.82347473958461370191
1634722254.8787686825,-0.48065973350451740576,-0.54819772923976128887,0.81237751153842152618
1634722254.9167900085,-0.47993571184857364287,-0.5479072839415543017,0.79514184086446304534
1634722254.9490380287,-0.47905034588448336397,-0.54727874573605217456,0.78734170117917234855
1634722255.0008518696,-0.4779377730867920282,-0.54638541807823037821,0.78576992083722096982
1634722255.0424623489,-0.47653658197771964211,-0.54503977706402806369,0.77405172113893105923
1634722255.0992155075,-0.47382287379405430006,-0.54207827719999468474,0.76905898836829900134
1634722255.1456854343,-0.47148634006900641547,-0.53933913171192493508,0.76333683464477219971
1634722255.2433977127,-0.46322454893666858977,-0.5295527400246254901,0.7445907969603637877
1634722255.2871284485,-0.45870359610206512535,-0.52439640626906536269,0.73706228447361143985
1634722255.3398849964,-0.45048142153272685562,-0.51525477889339910131,0.72476125207784702908
1634722255.3833622932,-0.44386989763969858513,-0.50816433391680471132,0.71407595744232832402
1634722255.43191576,-0.4321754722823206718,-0.49593527331853570761,0.70601552612826012911
1634722255.4762489796,-0.42312235790510405176,-0.48675435294243368789,0.68325621491444654687
1634722255.5252227783,-0.41304843433007132347,-0.47678652192265391641,0.67085187553237846103
1634722255.5707681179,-0.39594788682875620145,-0.46016542923627945516,0.65881003515206293386
1634722255.6154179573,-0.38325595785386395997,-0.44819502904028085677,0.64796023694706739171
1634722255.6873252392,-0.36422528005164173104,-0.43115643088102723057,0.62731737923022401482
1634722255.738764286,-0.34120647626500522076,-0.40996740223135891279,0.62473737554496278079
1634722255.7753739357,-0.32461660833602123954,-0.39493318348688832842,0.61166997333781913948
1634722255.8292992115,-0.29775226155073114542,-0.37068582850480508162,0.58548866160646895196
1634722255.8613345623,-0.28827281369043233905,-0.36209312953084066278,0.57586258780297139293
1634722255.8955032825,-0.2685665410050543378,-0.34436660606327679224,0.56525253948058851172
1634722255.942466259,-0.24779931135471436332,-0.3258817768502285106,0.55799671532006855923
1634722255.984872818,-0.22614402004897615761,-0.30661653607415945144,0.54340114228148039821
1634722256.0348961353,-0.19187876243019616473,-0.27673825184062139648,0.53732646158124919289
1634722256.0777060986,-0.16794213810168792667,-0.25596521777012226639,0.52713054768625100532
1634722256.117682457,-0.1431449558656717469,-0.23489524800144379046,0.51707048773239705497
1634722256.1766448021,-0.10451618004447846277,-0.20212128901740533671,0.50599838815124442704
1634722256.2553663254,-0.050496167112955320233,-0.15694458714228756713,0.48199931702149667601
1634722256.2996666431,-0.015524283598412493002,-0.12813370117469408127,0.47312111298349446287
1634722256.3463168144,0.0058026822185645275665,-0.11060875128262925848,0.46607911130044477055
1634722256.3784885406,0.034591413026278217124,-0.087214174717289399963,0.45202481171949665528
1634722256.4179697037,0.063609781819071564701,-0.063970589294426810634,0.44240421102348376214
1634722256.4692821503,0.10723605062892885287,-0.029289592324120670985,0.44092349235583833122
1634722256.5075216293,0.12177627999905429879,-0.017803115253595125367,0.42976809093224438429
1634722256.5632281303,0.16532512719161374104,0.015786846762884238632,0.42005921444363442108
1634722256.6040306091,0.19408138233903110548,0.0374671335189988991,0.41846098169956219559
1634722256.6545476913,0.23632103063957515809,0.068948778975847349604,0.40909831134979923739
1634722256.6958527565,0.26394204053574921165,0.089063894550242286852,0.40755369192672852297
1634722256.7472977638,0.29108448755272536834,0.10824510050888704049,0.39894354022493699885
1634722256.7849860191,0.31743308362931105249,0.1265861195171333331,0.38664523013189272538
1634722256.8396811485,0.35545972685667687196,0.15233246937353397965,0.384601812490358963
1634722256.9031496048,0.3912904650864623135,0.17587853960330085412,0.37691260957230776629
1634722256.9540627003,0.42477290230583603092,0.19714960565571412743,0.37416561084856325703
1634722257.0050742626,0.44545940621085222677,0.20998192859112685404,0.37133554171296834223
1634722257.0549709797,0.4742409814867383222,0.22725263969875783565,0.37104141460730916124
1634722257.0983288288,0.49581534816590622228,0.23966365195416550193,0.37040215772617923751
1634722257.1512176991,0.51559423846184815332,0.25016750513661906163,0.36620465875194802008
1634722257.204018116,0.53331324433348437086,0.25888748510314635309,0.3640967840338812378
1634722257.2493958473,0.54944793946024017561,0.26584385077024702548,0.36202590020819525041
1634722257.2963795662,0.56116806805486108001,0.2701260549202183503,0.3609735847901212602
1634722257.346893549,0.57213161249393318375,0.273530750107464804,0.357327200103289222
1634722257.3814525604,0.58257120753421876014,0.2761894744775230115,0.35812299560146881872
1634722257.4310314655,0.59722371797923889947,0.2788932949246773485,0.35640255142863797033
1634722257.4893932343,0.61338447638599591372,0.28063722761445819565,0.35661907861246733287
1634722257.5289018154,0.62029687523440424357,0.28117124982770602681,0.35719917871496520423
1634722257.610514164,0.63421294697459273948,0.28132120894834400371,0.3490042510342967752
1634722257.6840994358,0.62755013360169242809,0.27235778138036748075,0.34573304033150570325
1634722257.7287321091,0.62433271654491828695,0.26686181589560920013,0.33733842356400578488
1634722257.7766873837,0.62149527380613311944,0.26198334307622334061,0.31438587221059033361
1634722257.8199002743,0.62144233601565679326,0.26282467751134369616,0.326608180793661107
1634722257.8779776096,0.62014748330560343081,0.26299185199347707709,0.33193200561870617182
1634722257.9182236195,0.6107253966510064469,0.25921035219247723358,0.32233291558472992877
1634722257.9684684277,0.60439993193632213231,0.25842229289348478405,0.32253485862363284742
1634722258.0131697655,0.60185741283317262251,0.25834485191244682678,0.32159460387243127277
1634722258.0670485497,0.59081567636762488682,0.25971698231441453508,0.32362422937019291735
1634722258.116089344,0.58443929584706255653,0.26164414311416706038,0.32177496012691092497
1634722258.1642076969,0.57775203596070157097,0.26454185440610189506,0.32120882894170599275
1634722258.240442276,0.56886613750937320422,0.26465052719159637418,0.32353842079612304961
1634722258.2861373425,0.5645759868624612432,0.26321354452575240757,0.31857163386850562148
1634722258.3341605663,0.56110736530388716226,0.26279062213853404684,0.31784654535680789689
1634722258.3815691471,0.5584203695465247419,0.26342052058780307533,0.31648817754379821032
1634722258.4172616005,0.55591115603802843115,0.26427819504193766909,0.32039304110836863693
1634722258.4801127911,0.55299698411666409203,0.26438345126921108941,0.31648889252667855576
1634722258.521903038,0.55154015637411202277,0.26392208685250800881,0.31978184359992029018
1634722258.5855340958,0.549378769440035164,0.26382005604189540104,0.32081166129870786197
1634722258.6321737766,0.54790605342453646553,0.26377016976766221035,0.32301941356852803544
1634722258.6851770878,0.54398642081870496323,0.26173766838012385572,0.31873948270133117822
1634722258.7229249477,0.54179952618816740184,0.26019853005370013888,0.32117385207819360016
1634722258.7642586231,0.53999236480615531164,0.259121102999244457,0.32265340115245255692
1634722258.8225600719,0.53854527104871041665,0.25792220920135061624,0.31767040659124295976
1634722258.8580644131,0.53777900994467764395,0.25662392779571019386,0.31699499604779496353
1634722258.9245328903,0.53712753256330381113,0.25476408355248209014,0.3196438595982483144
1634722258.9634904861,0.53706533088443997315,0.25380667482222457609,0.31920851508791542317
1634722259.0532691479,0.53801258722352118813,0.25075185903239266549,0.32109375447655941205
1634722259.0736958981,0.53801258722352118813,0.25075185903239266549,0.32111358760848585092
1634722259.1031594276,0.5388293536045533072,0.24971044073243345296,0.31913006600038573701
1634722259.1408336163,0.53982616573148645145,0.2486669377352406507,0.31847010912426931828
1634722259.1762692928,0.54109339403953038428,0.24753815801602277458,0.32243598579325666309
1634722259.2176423073,0.54260065038776350566,0.24647323332463286216,0.31810924460443035233
1634722259.2561666965,0.54422509638933647125,0.24553313465113393854,0.31993264835868795437
1634722259.3158974648,0.54698919252282107717,0.24410466601981786749,0.31799464967340618227
1634722259.3511543274,0.54904853863205704823,0.24317952121259089893,0.31981404987539624463
1634722259.4034671783,0.55120338130459922699,0.24235520960692305548,0.32061632624176250594
1634722259.444411993,0.55346338914228732087,0.24158040164850075326,0.31769246999651334917
1634722259.5079312325,0.5571011980200726299,0.24043970495502189899,0.31966155892839520636
1634722259.5532007217,0.55961014738035497196,0.23978103573875883536,0.3178514390896404751
1634722259.6032848358,0.56345132454735402661,0.23888326240258533906,0.31783264903270530555
1634722259.6458983421,0.56743586261926548531,0.23803082801840491634,0.32065558219633688575
1634722259.6817231178,0.56807128016988561736,0.23772911201415147797,0.32157632216480819265
1634722259.7323992252,0.57211016724813845702,0.23705429465303692882,0.31790066378614073583
1634722259.7707159519,0.57478374181364066953,0.23665717891793072725,0.32204400727161214268
1634722259.8233206272,0.57744708330397709339,0.23632816374321138908,0.31865511497365922589
1634722259.8569982052,0.58009811172271308344,0.23604379191344174171,0.316463858865501102
1634722259.957998991,0.58655758467024299296,0.23551413893383402187,0.31979177761917138012
1634722259.9973974228,0.58903652766813818786,0.23537136029685359895,0.31872509821537214902
1634722260.0536937714,0.59266160659230926466,0.23516464578814502695,0.31852480424320533947
1634722260.096092701,0.59497775765471849763,0.23506458150369199944,0.31902463241084555445
1634722260.1627190113,0.5983068219986255043,0.23498914838442999664,0.31798259959917851702
1634722260.2239735126,0.60149449842619484574,0.23493430221275055092,0.31806765367018163815
1634722260.3491692543,0.60725324477104281051,0.23505093049469683031,0.32005424547631650123
1634722260.4244601727,0.61145715652836618581,0.23525838577045965483,0.31901556259116609082
1634722260.4898631573,0.61372988583974608101,0.23537605320831961331,0.31799734638485244176
1634722260.5380632877,0.61550557623738566537,0.23545551406855949605,0.31776330004959052467
1634722260.5881493092,0.61738121843226190233,0.23564223964036781767,0.31876972733364172807
1634722260.6691906452,0.61966279335602980627,0.23583919476037495944,0.31755013111684915472
1634722260.713228941,0.62047002429395403666,0.23589212614249477351,0.31780202654085770719
1634722260.7666933537,0.62142191960980375232,0.23599861820996731465,0.31671384269014413171
1634722260.8430178165,0.6230889766579968958,0.23625767536238756472,0.31845350443816378139
1634722260.8792629242,0.62380995047558029931,0.23639954787825423477,0.31820195024719483134
1634722260.9100503922,0.62448378335880416756,0.23650956198109646111,0.31924041971488159586
1634722260.9624624252,0.62509325582796815279,0.23661557712710176715,0.32046358421789750137
1634722261.0236434937,0.62595003868607468345,0.23686148961139427693,0.31792938789528518706
1634722261.0732724667,0.62642830181748121454,0.23704701151222912214,0.31687240776117464591
1634722261.1086306572,0.62676048060634159675,0.23726838472630809584,0.3187302175309413288
1634722261.1571612358,0.62697155244982138989,0.23739040877536413121,0.31979420884323744856
1634722261.1916577816,0.62716888291585837223,0.23749629742958483503,0.31785766825700817462
1634722261.2601408958,0.62740310859600256777,0.2378383605430777481,0.31793543657605194408
1634722261.3058638573,0.62751010408578156152,0.23800196427115519193,0.31879644008499652408
1634722261.3550589085,0.6276241514910616548,0.23822234342011142094,0.31992397212353329561
1634722261.3947942257,0.62769896444383244116,0.23835464877182632737,0.31998328605986547934
1634722261.4376089573,0.6277017243564351201,0.23843661272509550364,0.31788454433391877263
1634722261.4976055622,0.62769045195271855331,0.23857015170575310292,0.31763531454855831182
1634722261.5483283997,0.62757861701530137655,0.238687852422009128,0.31653496620161836184
1634722261.5948116779,0.62746509137379091747,0.2387442573746063057,0.31794415300989786743
1634722261.6418850422,0.62737109320344253138,0.2387814866757149157,0.31695493178855138616
1634722261.6856629848,0.62736587379048525115,0.23871794651173680601,0.31931591107747686609
1634722261.7651154995,0.62714450380747088776,0.23875564485453490415,0.31702458119136350811
1634722261.8419401646,0.6267671711909347243,0.23880583686725451176,0.31777546160028247169
1634722261.9296944141,0.62608268854239434997,0.23902366148320380868,0.31793479378064365415
1634722261.9501898289,0.62608268854239434997,0.23902366148320380868,0.31703156292335987754
1634722261.991825819,0.62526881197038064464,0.23929268781656948262,0.31690730408311995614
1634722262.050432682,0.62479891320919556108,0.23940852378694363334,0.31673508292555874188
1634722262.0967202187,0.62442104822596267155,0.23950624163004391454,0.31770312453768884131
1634722262.1398365498,0.62387544426007235376,0.23965679183943089381,0.31747682678661515165
1634722262.2022435665,0.62333418383103511573,0.23978671016273805927,0.31684666231009128712
1634722262.2517154217,0.62298019899512169228,0.23986500623944198574,0.31714359671894681858
1634722262.2910969257,0.62262525512385724635,0.23992783833034131424,0.31757971211184593541
1634722262.3274240494,0.62227853669398014436,0.23999138567728897642,0.31781240216850809022
1634722262.3985908031,0.621792483174121835,0.24008156043966444315,0.31760609969776432138
1634722262.4445278645,0.62127907904089763047,0.2401459680998087598,0.31780869202297423737
1634722262.4962451458,0.62109518461276991275,0.2401545510278065565,0.31824124110838325485
1634722262.5376389027,0.62079204298764922854,0.24022727737036700391,0.31760557349835871754
1634722262.5774698257,0.62034594489625793923,0.24033568700082649783,0.31763757623699490074
1634722262.6198563576,0.62004521707227044924,0.24041731515853714818,0.31786909239609806299
1634722262.6770889759,0.61974558267241697251,0.24050860574467894382,0.31798427983443572353
1634722262.7221074104,0.61922343980308947042,0.24067881857309736393,0.31763447868748484471
1634722262.7775621414,0.61899255445179224289,0.24076403028566917275,0.31694427591182267046
1634722262.8104166985,0.6187054475461093439,0.24086427391843562296,0.31787316884278676854
1634722262.8514358997,0.61838843931427034395,0.24097866944498430586,0.31767605636592333163
1634722262.9252026081,0.61781036416856871529,0.24115403117202302563,0.31670881439130021962
1634722262.9802865982,0.61755193395231244846,0.24121976588055785151,0.31886535638448276764
1634722263.025585413,0.61719586232174117324,0.24130553588538172782,0.31644735428121256726
1634722263.0736734867,0.61698255787797695593,0.241369982455828469,0.31787493022334428749
1634722263.1167161465,0.61679177459953549167,0.24143184855239799291,0.31875265104663608184
1634722263.1474661827,0.61661190693239353866,0.24147836347676376878,0.31808386707607577693
1634722263.1955811977,0.61643261218036016214,0.24155133595129621438,0.31775905545234600647
1634722263.2346591949,0.61628137169843877352,0.24162978040100613342,0.31677593979503104737
1634722263.2705965042,0.61615075984972589307,0.24170370641474456241,0.31782583722732188347
1634722263.3204300404,0.61598392718330141626,0.24181487558152900408,0.31739631602403939326
1634722263.3540582657,0.61598392718330141626,0.24181487558152900408,0.31787368596033016566
1634722263.3990361691,0.61570465302713917044,0.24202468501209672969,0.31831540925819540311
1634722263.4716482162,0.6154512296368926938,0.24221325744895749743,0.31757285169034799033
1634722263.5222260952,0.6152248945533241864,0.24240108184645398071,0.31752406948483141713
1634722263.5728776455,0.6150763352170770526,0.24253406224804530122,0.31891100417573725601
1634722263.6295316219,0.61492514353168303831,0.24268295871788062024,0.31872007170158139777
1634722263.6743247509,0.61484082822872176965,0.24277807688906105632,0.31741273378631978952
1634722263.7685580254,0.61481458449328740823,0.24289574851652753762,0.31715172765986554548
1634722263.8156764507,0.61478982508078305891,0.24295232551514905905,0.31757184388888903825
1634722263.855104208,0.61475909402897788159,0.24302014896867255023,0.31792489291569314691
1634722263.9171097279,0.61474626601209358956,0.24316312032314310598,0.31832836825512117462
1634722263.9636380672,0.61472437232528476247,0.24327940383807380997,0.31785224760669339439
1634722264.0206766129,0.61474270668981467747,0.24338012227103222873,0.31751990207422076118
1634722264.0553245544,0.61472632263657867036,0.24343256487575273828,0.31863082971774042695
1634722264.1175172329,0.61468351532421250383,0.24358221331384702357,0.3186150057995725815
1634722264.1533718109,0.61467579235853153641,0.24367168719828768975,0.3185518590755372359
1634722264.2263171673,0.61460850848850534511,0.24391259265123510502,0.31786409304893104011
1634722264.265832901,0.61456474639867642029,0.24403584137514730545,0.31847246789970945491
1634722264.3589200974,0.61440097020605721756,0.24434634392611254139,0.31749441534886019278
1634722264.396933794,0.61441484073349683648,0.2444571642627444974,0.31772985881516313533
1634722264.4460272789,0.61457085064970096155,0.24444509188259255783,0.31721735743359374959
