1636363337.8968458176,0,0,0
1636363337.9168171883,0,0,0
1636363337.9368462563,0,0,0
1636363337.9568119049,0,0,0
1636363337.9768004417,0,0,0
1636363337.996822834,0,0,0
1636363338.0168230534,0,0,0
1636363338.0368037224,0,0,0
1636363338.0568287373,0,0,0
1636363338.0767986774,0,0,0
1636363338.0968248844,0,0,0
1636363338.1167902946,0,0,0
1636363338.1368312836,0,0,0
1636363338.1567895412,0,0,0
1636363338.1767957211,0,0,0
1636363338.1968128681,0,0,0
1636363338.21682477,0,0,0
1636363338.2368397713,0,0,0
1636363338.256811142,0,0,0
1636363338.2767999172,0,0,0
1636363338.2968225479,0,0,0
1636363338.3168199062,0,0,0
1636363338.3368387222,0,0,0
1636363338.3568279743,0,0,0
1636363338.3768260479,0,0,0
1636363338.396897316,-0.00085726287215948104858,0.018291193991899490356,-0.070648856461048126221
1636363338.4169616699,14.6629180908203125,3.1515958309173583984,-4.1071190834045410156
1636363338.4368786812,15.413515090942382812,3.3071129322052001953,-4.2911925315856933594
1636363338.4568481445,15.417772293090820312,3.3059518337249755859,-4.2843117713928222656
1636363338.4769015312,15.67076873779296875,3.3572206497192382812,-4.3384037017822265625
1636363338.4968538284,15.829822540283203125,3.3884131908416748047,-4.3698396682739257812
1636363338.516908884,15.834115982055664062,3.3872382640838623047,-4.3633599281311035156
1636363338.5368499756,15.936697959899902344,3.4073011875152587891,-4.3845696449279785156
1636363338.5568618774,15.940939903259277344,3.4061439037322998047,-4.3782086372375488281
1636363338.5768616199,15.945217132568359375,3.4050159454345703125,-4.3718748092651367188
1636363338.5968632698,16.02921295166015625,3.4209177494049072266,-4.3848147392272949219
1636363338.6169397831,16.033575057983398438,3.4197566509246826172,-4.37871551513671875
1636363338.6368546486,16.038019180297851562,3.4186117649078369141,-4.3727984428405761719
1636363338.6568543911,16.0425567626953125,3.4174513816833496094,-4.3670940399169921875
1636363338.6768817902,16.047214508056640625,3.4162945747375488281,-4.3616232872009277344
1636363338.6968533993,16.102746963500976562,3.4279971122741699219,-4.3750729560852050781
1636363338.7168724537,16.1077423095703125,3.426807403564453125,-4.3700780868530273438
1636363338.7368683815,16.112918853759765625,3.4255623817443847656,-4.3653254508972167969
1636363338.7569060326,16.118320465087890625,3.4242236614227294922,-4.3607988357543945312
1636363338.7768683434,16.123950958251953125,3.4227840900421142578,-4.3565268516540527344
1636363338.7968583107,16.129781723022460938,3.4212260246276855469,-4.3526139259338378906
1636363338.8168973923,16.135774612426757812,3.419544219970703125,-4.3492398262023925781
1636363338.8368761539,16.141885757446289062,3.4177985191345214844,-4.3464670181274414062
1636363338.8568811417,16.148143768310546875,3.4159662723541259766,-4.3440542221069335938
1636363338.8768749237,16.154605865478515625,3.4140083789825439453,-4.3419146537780761719
1636363338.8968570232,16.161273956298828125,3.411884307861328125,-4.3401231765747070312
1636363338.9168851376,16.168003082275390625,3.4096035957336425781,-4.3387479782104492188
1636363338.9368872643,16.174945831298828125,3.4071586132049560547,-4.3375525474548339844
1636363338.9568879604,16.181995391845703125,3.4045865535736083984,-4.3364615440368652344
1636363338.9769766331,16.18915557861328125,3.4018914699554443359,-4.3354349136352539062
1636363338.9970021248,16.196380615234375,3.3990371227264404297,-4.3344006538391113281
1636363339.0168771744,16.203632354736328125,3.3960654735565185547,-4.3333072662353515625
1636363339.0368552208,16.2109222412109375,3.3929936885833740234,-4.3321247100830078125
1636363339.0568869114,16.218217849731445312,3.3898310661315917969,-4.3308529853820800781
1636363339.0769970417,16.22550201416015625,3.3865840435028076172,-4.3294672966003417969
1636363339.0968785286,16.232694625854492188,3.3832550048828125,-4.3279123306274414062
1636363339.1169085503,16.23980712890625,3.3798685073852539062,-4.3257617950439453125
1636363339.1368646622,16.2469024658203125,3.3765017986297607422,-4.3231024742126464844
1636363339.1568870544,16.253877639770507812,3.3730571269989013672,-4.3199238777160644531
1636363339.1768558025,16.260776519775390625,3.3696334362030029297,-4.3160557746887207031
1636363339.1968519688,16.315790176391601562,3.3909902572631835938,-4.3453502655029296875
1636363339.2168800831,16.322383880615234375,3.3876864910125732422,-4.3401861190795898438
1636363339.2369170189,16.328815460205078125,3.3844873905181884766,-4.3342080116271972656
1636363339.2568562031,16.3349761962890625,3.3814334869384765625,-4.3275976181030273438
1636363339.2768447399,16.34088134765625,3.3785281181335449219,-4.320537567138671875
1636363339.2969076633,16.382589340209960938,3.3959338665008544922,-4.3456583023071289062
1636363339.3169052601,16.388074874877929688,3.3933050632476806641,-4.3379983901977539062
1636363339.3368840218,16.437257766723632812,3.4085383415222167969,-4.352634429931640625
1636363339.3568532467,16.442289352416992188,3.4063541889190673828,-4.3444719314575195312
1636363339.3768541813,16.458066940307617188,3.4144785404205322266,-4.3575444221496582031
1636363339.3968565464,16.462572097778320312,3.4126536846160888672,-4.34934234619140625
1636363339.416872263,16.466806411743164062,3.4110362529754638672,-4.3411111831665039062
1636363339.4368736744,16.470760345458984375,3.4096255302429199219,-4.3329019546508789062
1636363339.4569036961,16.474416732788085938,3.4083592891693115234,-4.3247098922729492188
1636363339.476858139,16.477754592895507812,3.4072422981262207031,-4.3165740966796875
1636363339.4968559742,16.480817794799804688,3.4062721729278564453,-4.3085002899169921875
1636363339.5171449184,16.483642578125,3.4053275585174560547,-4.3004770278930664062
1636363339.536875248,16.48614501953125,3.4045355319976806641,-4.2927193641662597656
1636363339.5569002628,16.488460540771484375,3.4038288593292236328,-4.2850451469421386719
1636363339.5769267082,16.490541458129882812,3.4031839370727539062,-4.2775330543518066406
1636363339.5968518257,16.492288589477539062,3.4026050567626953125,-4.2706670761108398438
1636363339.6168832779,16.49395751953125,3.4020009040832519531,-4.2639870643615722656
1636363339.6368849277,16.495388031005859375,3.4014153480529785156,-4.2577500343322753906
1636363339.656863451,16.496587753295898438,3.4008646011352539062,-4.2518143653869628906
1636363339.6768608093,16.4976043701171875,3.4002933502197265625,-4.2459683418273925781
1636363339.6968946457,16.498418807983398438,3.3996913433074951172,-4.2402505874633789062
1636363339.7169466019,16.498987197875976562,3.3990638256072998047,-4.2347149848937988281
1636363339.7368628979,16.49944305419921875,3.3983504772186279297,-4.2291655540466308594
1636363339.7568767071,16.499721527099609375,3.3975567817687988281,-4.2236504554748535156
1636363339.7768688202,16.499828338623046875,3.3966608047485351562,-4.2181639671325683594
1636363339.7969105244,16.51578521728515625,3.4074869155883789062,-4.2470498085021972656
1636363339.8168990612,16.515644073486328125,3.4063870906829833984,-4.24169158935546875
1636363339.8368952274,16.537441253662109375,3.4150719642639160156,-4.2611079216003417969
1636363339.8568668365,16.537021636962890625,3.4137947559356689453,-4.2559685707092285156
1636363339.876847744,16.536542892456054688,3.4124989509582519531,-4.2505331039428710938
1636363339.8968608379,16.535991668701171875,3.4111032485961914062,-4.2450957298278808594
1636363339.9168958664,16.535402297973632812,3.4096326828002929688,-4.2396416664123535156
1636363339.9368827343,16.537990570068359375,3.4142487049102783203,-4.2608270645141601562
1636363339.9568743706,16.56711578369140625,3.4194078445434570312,-4.2683563232421875
1636363339.9768545628,16.566410064697265625,3.4177677631378173828,-4.2632045745849609375
1636363339.9968645573,16.565608978271484375,3.4161541461944580078,-4.2580952644348144531
1636363340.0168700218,16.5718994140625,3.4171526432037353516,-4.268360137939453125
1636363340.0368797779,16.571199417114257812,3.4154455661773681641,-4.2634916305541992188
1636363340.0568473339,16.570550918579101562,3.4137401580810546875,-4.2586717605590820312
1636363340.0770037174,16.569957733154296875,3.4120419025421142578,-4.2538480758666992188
1636363340.0968551636,16.569414138793945312,3.4105687141418457031,-4.2488603591918945312
1636363340.117051363,16.568952560424804688,3.4091629981994628906,-4.2438359260559082031
1636363340.136944294,16.568567276000976562,3.4078328609466552734,-4.2388520240783691406
1636363340.1568748951,16.568239212036132812,3.4064416885375976562,-4.2340407371520996094
1636363340.1769218445,16.56948089599609375,3.4051415920257568359,-4.2473092079162597656
1636363340.1968598366,16.569288253784179688,3.4040844440460205078,-4.2424283027648925781
1636363340.2169959545,16.569166183471679688,3.4029862880706787109,-4.2376437187194824219
1636363340.236944437,16.569110870361328125,3.4020085334777832031,-4.2328901290893554688
1636363340.2568600178,16.572000503540039062,3.4002435207366943359,-4.2444453239440917969
1636363340.2768633366,16.572084426879882812,3.3993382453918457031,-4.2398538589477539062
1636363340.296854496,16.5722198486328125,3.3984849452972412109,-4.2353124618530273438
1636363340.3168554306,16.588817596435546875,3.39768218994140625,-4.2412114143371582031
1636363340.3369040489,16.589000701904296875,3.3969197273254394531,-4.2367391586303710938
1636363340.3568742275,16.589197158813476562,3.3961870670318603516,-4.2323064804077148438
1636363340.3768980503,16.589290618896484375,3.3954677581787109375,-4.2282671928405761719
1636363340.3968651295,16.589420318603515625,3.3947310447692871094,-4.2241530418395996094
1636363340.4169812202,16.5894622802734375,3.3940243721008300781,-4.2203950881958007812
1636363340.4368789196,16.589517593383789062,3.3933391571044921875,-4.216762542724609375
1636363340.457092762,16.588993072509765625,3.3910682201385498047,-4.2309937477111816406
1636363340.4768614769,16.588960647583007812,3.3903763294219970703,-4.22824859619140625
1636363340.4969148636,16.606042861938476562,3.3895964622497558594,-4.234272003173828125
1636363340.5168898106,16.6059722900390625,3.3888237476348876953,-4.2323250770568847656
1636363340.5368847847,16.605915069580078125,3.38797760009765625,-4.2309460639953613281
1636363340.5569200516,16.6057891845703125,3.3871529102325439453,-4.2299928665161132812
1636363340.5768630505,16.605672836303710938,3.3863022327423095703,-4.22933197021484375
1636363340.596865654,16.6055908203125,3.3853785991668701172,-4.2289714813232421875
1636363340.6169595718,16.60552978515625,3.3844063282012939453,-4.2289218902587890625
1636363340.6368572712,16.605495452880859375,3.3833639621734619141,-4.2291378974914550781
1636363340.6568877697,16.60544586181640625,3.3822596073150634766,-4.2295746803283691406
1636363340.6768672466,16.6053619384765625,3.3811144828796386719,-4.2302141189575195312
1636363340.6968903542,16.622396469116210938,3.3792588710784912109,-4.2411866188049316406
1636363340.717031002,16.622333526611328125,3.3780159950256347656,-4.2421855926513671875
1636363340.7368729115,16.636484146118164062,3.3761260509490966797,-4.2520818710327148438
1636363340.7568695545,16.636445999145507812,3.3748309612274169922,-4.2533535957336425781
1636363340.7768690586,16.6364288330078125,3.3735380172729492188,-4.2546811103820800781
1636363340.7968883514,16.63642120361328125,3.3722391128540039062,-4.2559995651245117188
1636363340.816868782,16.636440277099609375,3.3709664344787597656,-4.2572569847106933594
1636363340.8368692398,16.636499404907226562,3.3697736263275146484,-4.2583823204040527344
1636363340.8568837643,16.636587142944335938,3.3686795234680175781,-4.2593946456909179688
1636363340.8768694401,16.636692047119140625,3.3676793575286865234,-4.2602739334106445312
1636363340.8968763351,16.606946945190429688,3.3630061149597167969,-4.285823822021484375
1636363340.9168567657,16.585180282592773438,3.3588695526123046875,-4.3059411048889160156
1636363340.936861515,16.604885101318359375,3.3579552173614501953,-4.31050872802734375
1636363340.9568514824,16.586534500122070312,3.3560519218444824219,-4.3263087272644042969
1636363340.9768891335,16.5867156982421875,3.3557841777801513672,-4.3273215293884277344
1636363340.9968554974,16.620004653930664062,3.3553204536437988281,-4.3259458541870117188
1636363341.0168588161,16.620250701904296875,3.3553140163421630859,-4.3270239830017089844
1636363341.0368888378,16.620548248291015625,3.3554456233978271484,-4.3281388282775878906
1636363341.0568959713,16.600223541259765625,3.3536946773529052734,-4.341014862060546875
1636363341.0768470764,16.586713790893554688,3.3512175083160400391,-4.3523154258728027344
1636363341.0969018936,16.625471115112304688,3.3507227897644042969,-4.3488945960998535156
1636363341.1168465614,16.60520172119140625,3.3492081165313720703,-4.3588724136352539062
1636363341.1368939877,16.605802536010742188,3.3498618602752685547,-4.3601293563842773438
1636363341.1571223736,16.593067169189453125,3.3497142791748046875,-4.3694305419921875
1636363341.1768600941,16.593753814697265625,3.3504552841186523438,-4.3706583976745605469
1636363341.197085619,16.586286544799804688,3.3486540317535400391,-4.3796677589416503906
1636363341.2168858051,16.587076187133789062,3.3494288921356201172,-4.3810243606567382812
1636363341.2368347645,16.582004547119140625,3.3456177711486816406,-4.3901848793029785156
1636363341.257090807,16.615415573120117188,3.3455574512481689453,-4.3857789039611816406
1636363341.2768552303,16.6040802001953125,3.3436570167541503906,-4.39488983154296875
1636363341.2968485355,16.605039596557617188,3.3442914485931396484,-4.3959674835205078125
1636363341.3168635368,16.606012344360351562,3.3448719978332519531,-4.3972783088684082031
1636363341.3368580341,16.606992721557617188,3.34539031982421875,-4.3985915184020996094
1636363341.3569028378,16.599071502685546875,3.3417372703552246094,-4.4044108390808105469
1636363341.3768529892,16.60003662109375,3.3421366214752197266,-4.4056248664855957031
1636363341.3968741894,16.60099029541015625,3.3424808979034423828,-4.4067664146423339844
1636363341.4168798923,16.601938247680664062,3.3427824974060058594,-4.4077639579772949219
1636363341.4368979931,16.602935791015625,3.3430378437042236328,-4.4085292816162109375
1636363341.4568750858,16.603969573974609375,3.3432703018188476562,-4.4089269638061523438
1636363341.4768586159,16.605010986328125,3.3435151576995849609,-4.4089550971984863281
1636363341.496874094,16.606048583984375,3.3437669277191162109,-4.4085717201232910156
1636363341.5169713497,16.6070709228515625,3.3441150188446044922,-4.4078373908996582031
1636363341.5370028019,16.608051300048828125,3.3444845676422119141,-4.4067544937133789062
1636363341.5568640232,16.608987808227539062,3.3449041843414306641,-4.4053645133972167969
1636363341.576842308,16.609945297241210938,3.3453540802001953125,-4.4035449028015136719
1636363341.5968413353,16.610958099365234375,3.3458437919616699219,-4.4012432098388671875
1636363341.6169512272,16.6119537353515625,3.3464221954345703125,-4.3985047340393066406
1636363341.6368808746,16.612936019897460938,3.3470947742462158203,-4.3954458236694335938
1636363341.6568641663,16.613916397094726562,3.3478381633758544922,-4.3921484947204589844
1636363341.6768398285,16.614873886108398438,3.3486316204071044922,-4.3886752128601074219
1636363341.696846962,16.615808486938476562,3.3494601249694824219,-4.385105133056640625
1636363341.7168610096,16.61670684814453125,3.3503072261810302734,-4.3815069198608398438
1636363341.7368454933,16.617582321166992188,3.3511829376220703125,-4.3779616355895996094
1636363341.7568531036,16.618379592895507812,3.3520557880401611328,-4.3745012283325195312
1636363341.7768673897,16.619104385375976562,3.3528962135314941406,-4.3711423873901367188
1636363341.7968592644,16.619756698608398438,3.3537585735321044922,-4.3679137229919433594
1636363341.8168773651,16.62030792236328125,3.3546009063720703125,-4.364780426025390625
1636363341.8368566036,16.620767593383789062,3.3553881645202636719,-4.3617067337036132812
1636363341.8568546772,16.621118545532226562,3.3561689853668212891,-4.3586325645446777344
1636363341.8768527508,16.621393203735351562,3.3569278717041015625,-4.3555445671081542969
1636363341.8968801498,16.621585845947265625,3.3576526641845703125,-4.3524570465087890625
1636363341.9168913364,16.621721267700195312,3.3583300113677978516,-4.3494119644165039062
1636363341.9368648529,16.621799468994140625,3.3589336872100830078,-4.3464102745056152344
1636363341.9568521976,16.621822357177734375,3.3594956398010253906,-4.3434691429138183594
1636363341.9769403934,16.625261306762695312,3.3588962554931640625,-4.369960784912109375
1636363341.9968550205,16.628179550170898438,3.3577809333801269531,-4.3874821662902832031
1636363342.0169048309,16.628175735473632812,3.3582351207733154297,-4.384654998779296875
1636363342.0368692875,16.631624221801757812,3.3588671684265136719,-4.3976082801818847656
1636363342.0568404198,16.635606765747070312,3.3601558208465576172,-4.4068136215209960938
1636363342.0768580437,16.66170501708984375,3.3608999252319335938,-4.4059739112854003906
1636363342.0968446732,16.661806106567382812,3.3612813949584960938,-4.4037127494812011719
1636363342.1168637276,16.657331466674804688,3.3610117435455322266,-4.4114942550659179688
1636363342.1368510723,16.68827056884765625,3.3621795177459716797,-4.4062981605529785156
1636363342.1568741798,16.675977706909179688,3.3610322475433349609,-4.4134740829467773438
1636363342.1769793034,16.676073074340820312,3.3616521358489990234,-4.4127087593078613281
1636363342.1968488693,16.67620086669921875,3.3623476028442382812,-4.4122724533081054688
1636363342.2168695927,16.676382064819335938,3.3630733489990234375,-4.4122099876403808594
1636363342.236843586,16.668283462524414062,3.3650021553039550781,-4.4185466766357421875
1636363342.2568719387,16.668483734130859375,3.36585235595703125,-4.4193701744079589844
1636363342.2769508362,16.668666839599609375,3.3667778968811035156,-4.4205813407897949219
1636363342.2969050407,16.663187026977539062,3.3664402961730957031,-4.4263749122619628906
1636363342.3168580532,16.66332244873046875,3.3675239086151123047,-4.4280490875244140625
1636363342.3368449211,16.658977508544921875,3.3670990467071533203,-4.4321799278259277344
1636363342.3568530083,16.656284332275390625,3.3663330078125,-4.4355006217956542969
1636363342.3768484592,16.656373977661132812,3.3676025867462158203,-4.4373250007629394531
1636363342.3968567848,16.655178070068359375,3.3686451911926269531,-4.4404458999633789062
1636363342.4168951511,16.655185699462890625,3.3700056076049804688,-4.4422063827514648438
1636363342.4368677139,16.65518951416015625,3.3713808059692382812,-4.4439024925231933594
1636363342.4568827152,16.655170440673828125,3.372768402099609375,-4.4455537796020507812
1636363342.4768829346,16.656444549560546875,3.3727784156799316406,-4.4469165802001953125
1636363342.4968688488,16.657922744750976562,3.3728950023651123047,-4.4497866630554199219
1636363342.5168631077,16.6941680908203125,3.3774163722991943359,-4.4454669952392578125
1636363342.5368518829,16.685350418090820312,3.3778550624847412109,-4.4499692916870117188
1636363342.556854248,16.7202911376953125,3.3828716278076171875,-4.4468126296997070312
1636363342.5768699646,16.705699920654296875,3.3824019432067871094,-4.4547829627990722656
1636363342.5968484879,16.748991012573242188,3.3880281448364257812,-4.4480042457580566406
1636363342.6168556213,16.748752593994140625,3.3892776966094970703,-4.4491071701049804688
1636363342.6368627548,16.748521804809570312,3.3904821872711181641,-4.4501190185546875
1636363342.6568515301,16.763826370239257812,3.3938469886779785156,-4.4502210617065429688
1636363342.6768751144,16.738063812255859375,3.3912291526794433594,-4.4600548744201660156
1636363342.6968493462,16.756048202514648438,3.3942134380340576172,-4.4585280418395996094
1636363342.7171268463,16.787996292114257812,3.3982808589935302734,-4.4540247917175292969
1636363342.7368917465,16.754505157470703125,3.3946287631988525391,-4.4641594886779785156
1636363342.7568500042,16.754114151000976562,3.3953616619110107422,-4.4648809432983398438
1636363342.7768993378,16.770547866821289062,3.3974959850311279297,-4.463298797607421875
1636363342.7968568802,16.80080413818359375,3.4001390933990478516,-4.4585590362548828125
1636363342.8168773651,16.800140380859375,3.4006509780883789062,-4.459503173828125
1636363342.8368504047,16.796817779541015625,3.4002392292022705078,-4.4624314308166503906
1636363342.8570473194,16.796113967895507812,3.4006054401397705078,-4.4629530906677246094
1636363342.8768527508,16.795316696166992188,3.4009120464324951172,-4.4633846282958984375
1636363342.896907568,16.79442596435546875,3.4012098312377929688,-4.4637427330017089844
1636363342.9168922901,16.793432235717773438,3.4014611244201660156,-4.46402740478515625
1636363342.9368760586,16.792333602905273438,3.4016928672790527344,-4.4642319679260253906
1636363342.9568698406,16.791133880615234375,3.4019069671630859375,-4.4643568992614746094
1636363342.9768702984,16.789846420288085938,3.4021036624908447266,-4.4643964767456054688
1636363342.9968464375,16.806163787841796875,3.4014647006988525391,-4.4647068977355957031
1636363343.0168778896,16.804746627807617188,3.4016301631927490234,-4.464626312255859375
1636363343.036863327,16.803279876708984375,3.40179443359375,-4.4644994735717773438
1636363343.0568804741,16.809993743896484375,3.3988454341888427734,-4.4671196937561035156
1636363343.0768601894,16.808431625366210938,3.3990380764007568359,-4.466899871826171875
1636363343.0968484879,16.804430007934570312,3.3960711956024169922,-4.4707064628601074219
1636363343.1168651581,16.802877426147460938,3.3962891101837158203,-4.470458984375
1636363343.136859417,16.801334381103515625,3.3965785503387451172,-4.4701833724975585938
1636363343.1569478512,16.810617446899414062,3.3931946754455566406,-4.4710521697998046875
1636363343.1768591404,16.80912017822265625,3.3935310840606689453,-4.4707860946655273438
1636363343.1968741417,16.807659149169921875,3.3939387798309326172,-4.4705247879028320312
1636363343.2169106007,16.80626678466796875,3.3944017887115478516,-4.4703044891357421875
1636363343.236862421,16.804880142211914062,3.3949220180511474609,-4.4702258110046386719
1636363343.2568731308,16.803525924682617188,3.3955171108245849609,-4.4702715873718261719
1636363343.27688241,16.802240371704101562,3.3961381912231445312,-4.4704446792602539062
1636363343.2968904972,16.802217483520507812,3.3897027969360351562,-4.4740204811096191406
1636363343.3168752193,16.7695770263671875,3.3818202018737792969,-4.4850993156433105469
1636363343.3368427753,16.789041519165039062,3.3802819252014160156,-4.4824166297912597656
1636363343.3568470478,16.759378433227539062,3.3748116493225097656,-4.4921627044677734375
1636363343.3768508434,16.758310317993164062,3.3755645751953125,-4.4925866127014160156
1636363343.3968555927,16.73760986328125,3.3737933635711669922,-4.5001115798950195312
1636363343.4169077873,16.736619949340820312,3.3745596408843994141,-4.5004639625549316406
1636363343.436850071,16.768854141235351562,3.3741106986999511719,-4.49431610107421875
1636363343.4568529129,16.767988204956054688,3.3748571872711181641,-4.4945397377014160156
1636363343.4768600464,16.745819091796875,3.3735265731811523438,-4.5010395050048828125
1636363343.4968502522,16.763042449951171875,3.3725030422210693359,-4.4976139068603515625
1636363343.5168552399,16.771846771240234375,3.3716652393341064453,-4.4967107772827148438
1636363343.5368618965,16.771081924438476562,3.3721399307250976562,-4.497028350830078125
1636363343.5568854809,16.747714996337890625,3.3704988956451416016,-4.5049109458923339844
1636363343.5768401623,16.746883392333984375,3.370731353759765625,-4.5053453445434570312
1636363343.5968568325,16.731348037719726562,3.3692371845245361328,-4.5113844871520996094
1636363343.6168498993,16.730388641357421875,3.3692381381988525391,-4.5119619369506835938
1636363343.6368801594,16.767099380493164062,3.3706541061401367188,-4.5059733390808105469
1636363343.6568713188,16.766111373901367188,3.3704016208648681641,-4.5065398216247558594
1636363343.6768510342,16.765125274658203125,3.3699467182159423828,-4.50701904296875
1636363343.6968505383,16.794588088989257812,3.3708465099334716797,-4.502704620361328125
1636363343.7168684006,16.793592453002929688,3.3699026107788085938,-4.5031867027282714844
1636363343.7368414402,16.792573928833007812,3.3687567710876464844,-4.5037641525268554688
1636363343.756942749,16.791524887084960938,3.3674309253692626953,-4.5044207572937011719
1636363343.7768805027,16.790472030639648438,3.3659625053405761719,-4.5050988197326660156
1636363343.7968530655,16.789434432983398438,3.3643200397491455078,-4.50576019287109375
1636363343.8171036243,16.7884063720703125,3.3625438213348388672,-4.5063800811767578125
1636363343.8370437622,16.787471771240234375,3.3606925010681152344,-4.5068979263305664062
1636363343.8568646908,16.78661346435546875,3.3587498664855957031,-4.5072956085205078125
1636363343.8768692017,16.762075424194335938,3.3582875728607177734,-4.5134487152099609375
1636363343.8968474865,16.779813766479492188,3.3562266826629638672,-4.5117645263671875
1636363343.9168820381,16.759313583374023438,3.3531548976898193359,-4.5172433853149414062
1636363343.9368476868,16.778738021850585938,3.3512105941772460938,-4.5145335197448730469
1636363343.9568784237,16.778263092041015625,3.3491568565368652344,-4.51464080810546875
1636363343.9768493176,16.777856826782226562,3.3471763134002685547,-4.5146965980529785156
1636363343.9968471527,16.810308456420898438,3.3461236953735351562,-4.5086379051208496094
1636363344.0169405937,16.810068130493164062,3.3443055152893066406,-4.5086426734924316406
1636363344.0368654728,16.809877395629882812,3.3426105976104736328,-4.5086379051208496094
1636363344.0568571091,16.8348846435546875,3.3409602642059326172,-4.5053462982177734375
1636363344.0768578053,16.83473968505859375,3.3395056724548339844,-4.5053544044494628906
1636363344.0968596935,16.8345794677734375,3.3381845951080322266,-4.5053477287292480469
1636363344.1169133186,16.834392547607421875,3.3369836807250976562,-4.5053272247314453125
1636363344.1368751526,16.834163665771484375,3.3359239101409912109,-4.5052762031555175781
1636363344.1568653584,16.833892822265625,3.3349781036376953125,-4.5052142143249511719
1636363344.1768503189,16.80200958251953125,3.3324434757232666016,-4.5147237777709960938
1636363344.1968743801,16.831958770751953125,3.3319990634918212891,-4.5101037025451660156
1636363344.2169408798,16.831495285034179688,3.3313198089599609375,-4.5101351737976074219
1636363344.2369029522,16.802434921264648438,3.3295838832855224609,-4.51786041259765625
1636363344.2568414211,16.801759719848632812,3.328960418701171875,-4.5180406570434570312
1636363344.2769057751,16.7834014892578125,3.3271286487579345703,-4.5243487358093261719
1636363344.2968668938,16.7883758544921875,3.3254945278167724609,-4.5242877006530761719
1636363344.3168084621,16.82462310791015625,3.3256626129150390625,-4.5173511505126953125
1636363344.3369112015,16.79917144775390625,3.3237483501434326172,-4.523853302001953125
1636363344.3568456173,16.810634613037109375,3.3229813575744628906,-4.5221166610717773438
1636363344.37687397,16.809444427490234375,3.3222887516021728516,-4.5223388671875
1636363344.3970229626,16.790197372436523438,3.3220729827880859375,-4.5289797782897949219
1636363344.4170145988,16.77574920654296875,3.3220245838165283203,-4.5329632759094238281
1636363344.4368710518,16.774389266967773438,3.3212556838989257812,-4.533321380615234375
1636363344.4569225311,16.796670913696289062,3.3202333450317382812,-4.5281119346618652344
1636363344.4768636227,16.810674667358398438,3.3193099498748779297,-4.5250864028930664062
1636363344.4968752861,16.831836700439453125,3.3185534477233886719,-4.519680023193359375
1636363344.5168638229,16.830554962158203125,3.3178606033325195312,-4.5201091766357421875
1636363344.5368492603,16.806209564208984375,3.3155906200408935547,-4.5267667770385742188
1636363344.5569040775,16.78997039794921875,3.3142416477203369141,-4.5322179794311523438
1636363344.5768454075,16.828643798828125,3.3142602443695068359,-4.5209445953369140625
1636363344.5969588757,16.804426193237304688,3.3125617504119873047,-4.5283446311950683594
1636363344.6168937683,16.787319183349609375,3.3108258247375488281,-4.5331783294677734375
1636363344.6368796825,16.78635406494140625,3.3104994297027587891,-4.533443450927734375
1636363344.6568453312,16.772867202758789062,3.3082859516143798828,-4.5360059738159179688
1636363344.6768629551,16.800619125366210938,3.3084363937377929688,-4.5271582603454589844
1636363344.6968467236,16.783769607543945312,3.3064985275268554688,-4.5315160751342773438
1636363344.7169568539,16.783094406127929688,3.3065240383148193359,-4.5317721366882324219
1636363344.7370533943,16.77165985107421875,3.3063435554504394531,-4.5343117713928222656
1636363344.75685215,16.771097183227539062,3.3065361976623535156,-4.5345253944396972656
1636363344.776866436,16.761486053466796875,3.3058235645294189453,-4.5351548194885253906
1636363344.7968583107,16.755807876586914062,3.3050317764282226562,-4.5339684486389160156
1636363344.8168592453,16.806970596313476562,3.3073215484619140625,-4.5205225944519042969
1636363344.8368594646,16.788707733154296875,3.3071603775024414062,-4.5236649513244628906
1636363344.8568527699,16.78829193115234375,3.3077416419982910156,-4.5236706733703613281
1636363344.8768749237,16.774946212768554688,3.3076679706573486328,-4.5254921913146972656
1636363344.8968520164,16.803194046020507812,3.3092803955078125,-4.5175237655639648438
1636363344.9168605804,16.786989212036132812,3.3088810443878173828,-4.5214829444885253906
1636363344.9368526936,16.817857742309570312,3.3112950325012207031,-4.5128998756408691406
1636363344.9569056034,16.797056198120117188,3.3104643821716308594,-4.5187115669250488281
1636363344.9768753052,16.835596084594726562,3.3136224746704101562,-4.508502960205078125
1636363344.9968738556,16.811431884765625,3.3124175071716308594,-4.5157036781311035156
1636363345.0168619156,16.810762405395507812,3.3131377696990966797,-4.5159049034118652344
1636363345.0369808674,16.793323516845703125,3.3129417896270751953,-4.5208835601806640625
1636363345.0568442345,16.817670822143554688,3.3160867691040039062,-4.5130357742309570312
1636363345.0768554211,16.816778182983398438,3.3168077468872070312,-4.5132231712341308594
1636363345.0968909264,16.799177169799804688,3.316150665283203125,-4.5195407867431640625
1636363345.1168744564,16.8262481689453125,3.3189704418182373047,-4.5099706649780273438
1636363345.1368479729,16.8253326416015625,3.3197588920593261719,-4.5100045204162597656
1636363345.1568641663,16.82440948486328125,3.320587158203125,-4.5100221633911132812
1636363345.1768414974,16.823492050170898438,3.3214263916015625,-4.5100312232971191406
1636363345.1968894005,16.802793502807617188,3.3206276893615722656,-4.5157217979431152344
1636363345.2168908119,16.825544357299804688,3.3230798244476318359,-4.5069837570190429688
1636363345.2368752956,16.803224563598632812,3.3221514225006103516,-4.5120244026184082031
1636363345.2568440437,16.78751373291015625,3.3227446079254150391,-4.5134844779968261719
1636363345.2768573761,16.776752471923828125,3.3235485553741455078,-4.5155386924743652344
1636363345.2968549728,16.807092666625976562,3.3261971473693847656,-4.5047936439514160156
1636363345.3168933392,16.790365219116210938,3.3252005577087402344,-4.5096154212951660156
1636363345.3368401527,16.815622329711914062,3.3276631832122802734,-4.5000243186950683594
1636363345.3568987846,16.796710968017578125,3.3262281417846679688,-4.5055475234985351562
1636363345.3768439293,16.838794708251953125,3.3297445774078369141,-4.4914331436157226562
1636363345.3968391418,16.815176010131835938,3.3293185234069824219,-4.4983439445495605469
1636363345.416877985,16.85219573974609375,3.3328537940979003906,-4.4846634864807128906
1636363345.436866045,16.8516693115234375,3.3336980342864990234,-4.4846043586730957031
1636363345.4568870068,16.824918746948242188,3.3312587738037109375,-4.4925870895385742188
1636363345.4768731594,16.827484130859375,3.3324468135833740234,-4.4885931015014648438
1636363345.4968726635,16.827043533325195312,3.3331162929534912109,-4.4885115623474121094
1636363345.5169184208,16.82662200927734375,3.3337154388427734375,-4.4884572029113769531
1636363345.536847353,16.807525634765625,3.3324263095855712891,-4.4947304725646972656
1636363345.5568556786,16.8461456298828125,3.3356707096099853516,-4.47955322265625
1636363345.5768635273,16.821460723876953125,3.3336110115051269531,-4.4883875846862792969
1636363345.596865654,16.840179443359375,3.3352515697479248047,-4.4788889884948730469
1636363345.6168627739,16.816381454467773438,3.3339707851409912109,-4.4860253334045410156
1636363345.636993885,16.8160400390625,3.3343756198883056641,-4.4862260818481445312
1636363345.6568260193,16.796010971069335938,3.3329229354858398438,-4.4899792671203613281
1636363345.6768479347,16.782773971557617188,3.3319475650787353516,-4.4922723770141601562
1636363345.6968455315,16.828901290893554688,3.3349995613098144531,-4.4747309684753417969
1636363345.7168734074,16.805776596069335938,3.3330581188201904297,-4.480560302734375
1636363345.7368528843,16.789440155029296875,3.33179473876953125,-4.4839777946472167969
1636363345.7568705082,16.833343505859375,3.3348612785339355469,-4.4678397178649902344
1636363345.7768492699,16.808286666870117188,3.3337645530700683594,-4.4736104011535644531
1636363345.7968614101,16.832445144653320312,3.3345878124237060547,-4.4643383026123046875
1636363345.8168404102,16.80912017822265625,3.3322522640228271484,-4.4700002670288085938
1636363345.8369016647,16.792020797729492188,3.3307802677154541016,-4.4735331535339355469
1636363345.8568558693,16.835218429565429688,3.3326609134674072266,-4.4588174819946289062
1636363345.8769712448,16.834390640258789062,3.3325827121734619141,-4.4590344429016113281
1636363345.896894455,16.809946060180664062,3.3306663036346435547,-4.4649682044982910156
1636363345.9168608189,16.808963775634765625,3.3304426670074462891,-4.4652695655822753906
1636363345.936861515,16.793352127075195312,3.3289322853088378906,-4.4690198898315429688
1636363345.9568617344,16.782787322998046875,3.3278505802154541016,-4.47081756591796875
1636363345.9768509865,16.829868316650390625,3.3295776844024658203,-4.4531908035278320312
1636363345.9968757629,16.807445526123046875,3.3281228542327880859,-4.4582805633544921875
1636363346.0169577599,16.806089401245117188,3.3274815082550048828,-4.4586019515991210938
1636363346.036867857,16.804676055908203125,3.3267352581024169922,-4.458942413330078125
1636363346.0568540096,16.803205490112304688,3.3259444236755371094,-4.4592885971069335938
1636363346.0768377781,16.788518905639648438,3.3245174884796142578,-4.4603343009948730469
1636363346.0968546867,16.779249191284179688,3.3234310150146484375,-4.4590115547180175781
1636363346.1168708801,16.7776336669921875,3.3223893642425537109,-4.4593057632446289062
1636363346.1369051933,16.7760009765625,3.3212909698486328125,-4.4596352577209472656
1636363346.1569635868,16.774351119995117188,3.3201966285705566406,-4.4600267410278320312
1636363346.1768696308,16.765605926513671875,3.3170428276062011719,-4.456676483154296875
1636363346.1968510151,16.763935089111328125,3.3159480094909667969,-4.4571275711059570312
1636363346.2168602943,16.762239456176757812,3.3148391246795654297,-4.4576668739318847656
1636363346.2370781898,16.757520675659179688,3.3114943504333496094,-4.4524054527282714844
1636363346.2568907738,16.755828857421875,3.3105039596557617188,-4.4530706405639648438
1636363346.2768621445,16.753171920776367188,3.3076996803283691406,-4.450374603271484375
1636363346.2968521118,16.751506805419921875,3.3068404197692871094,-4.4511866569519042969
1636363346.3168666363,16.74903106689453125,3.3045089244842529297,-4.447834014892578125
1636363346.3368475437,16.747402191162109375,3.3038263320922851562,-4.4488778114318847656
1636363346.3569135666,16.745380401611328125,3.3019437789916992188,-4.4456729888916015625
1636363346.3768670559,16.7438507080078125,3.3015418052673339844,-4.4467778205871582031
1636363346.3968648911,16.74341583251953125,3.2992467880249023438,-4.4424586296081542969
1636363346.4169051647,16.743238449096679688,3.2970407009124755859,-4.4400920867919921875
1636363346.4368903637,16.741834640502929688,3.2970123291015625,-4.4413371086120605469
1636363346.4568545818,16.7413787841796875,3.2948977947235107422,-4.4379658699035644531
1636363346.4768884182,16.740001678466796875,3.2951080799102783203,-4.4391760826110839844
1636363346.4968488216,16.74022674560546875,3.2930109500885009766,-4.4347734451293945312
1636363346.5169534683,16.738870620727539062,3.2933254241943359375,-4.435993194580078125
1636363346.5368533134,16.738285064697265625,3.2918024063110351562,-4.4320964813232421875
1636363346.5568480492,16.7822113037109375,3.2924926280975341797,-4.4145274162292480469
1636363346.5768852234,16.77005767822265625,3.2908883094787597656,-4.4173150062561035156
1636363346.5968437195,16.768627166748046875,3.2913675308227539062,-4.4186701774597167969
1636363346.6168634892,16.760248184204101562,3.2890682220458984375,-4.4198560714721679688
1636363346.6368632317,16.833635330200195312,3.2920441627502441406,-4.3925757408142089844
1636363346.6568541527,16.832170486450195312,3.2923648357391357422,-4.39410400390625
1636363346.6768703461,16.807220458984375,3.2896862030029296875,-4.4016599655151367188
1636363346.6968507767,16.789302825927734375,3.2870962619781494141,-4.40717315673828125
1636363346.7168605328,16.787687301635742188,3.2871692180633544922,-4.4088072776794433594
1636363346.7368853092,16.774822235107421875,3.2850239276885986328,-4.4127240180969238281
1636363346.7568552494,16.773206710815429688,3.2848734855651855469,-4.4144372940063476562
1636363346.7768514156,16.764707565307617188,3.2828104496002197266,-4.4163432121276855469
1636363346.7968697548,16.763113021850585938,3.2825314998626708984,-4.4181790351867675781
1636363346.816886425,16.761552810668945312,3.2821745872497558594,-4.4200901985168457031
1636363346.8368496895,16.756631851196289062,3.2788915634155273438,-4.4189891815185546875
1636363346.8568758965,16.7552337646484375,3.2784705162048339844,-4.4211907386779785156
1636363346.876847744,16.753915786743164062,3.2780556678771972656,-4.423526763916015625
1636363346.8968839645,16.7513885498046875,3.2753584384918212891,-4.4214463233947753906
1636363346.9168708324,16.75020599365234375,3.2749619483947753906,-4.4240627288818359375
1636363346.9368469715,16.749698638916015625,3.2726676464080810547,-4.4218316078186035156
1636363346.9568941593,16.748676300048828125,3.2725765705108642578,-4.4248342514038085938
1636363346.976845026,16.747753143310546875,3.2726333141326904297,-4.4280114173889160156
1636363346.9968624115,16.74854278564453125,3.2702994346618652344,-4.4245934486389160156
1636363347.0168406963,16.746889114379882812,3.2687561511993408203,-4.4222497940063476562
1636363347.0368475914,16.793264389038085938,3.2681403160095214844,-4.40459442138671875
1636363347.0568790436,16.779390335083007812,3.2664532661437988281,-4.4085326194763183594
1636363347.0768449306,16.778697967529296875,3.2677640914916992188,-4.4132637977600097656
1636363347.0968587399,16.7693939208984375,3.2642948627471923828,-4.41588592529296875
1636363347.1168866158,16.76895904541015625,3.2662761211395263672,-4.4214034080505371094
1636363347.136854887,16.76869964599609375,3.2686920166015625,-4.4273538589477539062
1636363347.1568579674,16.768743515014648438,3.2715718746185302734,-4.4338521957397460938
1636363347.1768488884,16.764104843139648438,3.2680354118347167969,-4.4337182044982910156
1636363347.1968483925,16.764987945556640625,3.2718377113342285156,-4.4411387443542480469
1636363347.2168455124,16.766407012939453125,3.2760410308837890625,-4.4491915702819824219
1636363347.236843586,16.762914657592773438,3.2729306221008300781,-4.4480786323547363281
1636363347.256850481,16.765493392944335938,3.2780454158782958984,-4.457553863525390625
1636363347.2768759727,16.768768310546875,3.2835047245025634766,-4.4677996635437011719
1636363347.296861887,16.766223907470703125,3.2814898490905761719,-4.464611053466796875
1636363347.316860199,16.771009445190429688,3.2877352237701416016,-4.4764399528503417969
1636363347.336848259,16.776576995849609375,3.2942316532135009766,-4.4891567230224609375
1636363347.3568584919,16.7748870849609375,3.2911140918731689453,-4.4877910614013671875
1636363347.3769581318,16.782049179077148438,3.2980287075042724609,-4.5023789405822753906
1636363347.3968429565,16.789945602416992188,3.3049781322479248047,-4.5178732872009277344
1636363347.4168634415,16.7870330810546875,3.2999031543731689453,-4.5140242576599121094
1636363347.4368901253,16.79615020751953125,3.3068921566009521484,-4.5316147804260253906
1636363347.456836462,16.80570220947265625,3.3138070106506347656,-4.550281524658203125
1636363347.4768695831,16.803340911865234375,3.3090121746063232422,-4.5510087013244628906
1636363347.4968528748,16.813409805297851562,3.3157873153686523438,-4.5719437599182128906
1636363347.5168552399,16.812530517578125,3.3140392303466796875,-4.57292938232421875
1636363347.5368740559,16.822557449340820312,3.3205204010009765625,-4.5960750579833984375
1636363347.5568752289,16.832353591918945312,3.3269934654235839844,-4.6204590797424316406
1636363347.576884985,16.834482192993164062,3.3340861797332763672,-4.6239151954650878906
1636363347.5969996452,16.843305587768554688,3.3404395580291748047,-4.6508688926696777344
1636363347.6168956757,16.850788116455078125,3.3534021377563476562,-4.6650891304016113281
1636363347.6368868351,16.858005523681640625,3.3598732948303222656,-4.6948795318603515625
1636363347.6568899155,16.864292144775390625,3.3663451671600341797,-4.7261137962341308594
1636363347.6768395901,16.870645523071289062,3.3762400150299072266,-4.7309627532958984375
1636363347.6969044209,16.874725341796875,3.3830902576446533203,-4.7656145095825195312
1636363347.7168498039,16.877447128295898438,3.3901870250701904297,-4.8017048835754394531
1636363347.7368559837,16.8787994384765625,3.3974750041961669922,-4.8393077850341796875
1636363347.7568397522,16.878833770751953125,3.40514373779296875,-4.8785147666931152344
1636363347.7768559456,16.878665924072265625,3.4116270542144775391,-4.912761688232421875
1636363347.7969660759,16.879636764526367188,3.4178545475006103516,-4.9456434249877929688
1636363347.8168888092,16.880365371704101562,3.4236357212066650391,-4.9801106452941894531
1636363347.8368544579,16.880939483642578125,3.4294133186340332031,-5.0103402137756347656
1636363347.8568441868,16.881586074829101562,3.4353170394897460938,-5.0403275489807128906
1636363347.8772585392,16.882207870483398438,3.4411301612854003906,-5.0713558197021484375
1636363347.89686203,16.882989883422851562,3.4467306137084960938,-5.1031517982482910156
1636363347.9168932438,16.883945465087890625,3.4522640705108642578,-5.1364731788635253906
1636363347.9368700981,16.885156631469726562,3.4577558040618896484,-5.1713137626647949219
1636363347.9568374157,16.886671066284179688,3.463245391845703125,-5.2076807022094726562
1636363347.9768538475,16.88765716552734375,3.4685573577880859375,-5.2445974349975585938
1636363347.9968435764,16.887247085571289062,3.4740526676177978516,-5.2805848121643066406
1636363348.016947031,16.884899139404296875,3.4798882007598876953,-5.3146853446960449219
1636363348.0368425846,16.881624221801757812,3.4857988357543945312,-5.3486456871032714844
1636363348.0568921566,16.877836227416992188,3.4917707443237304688,-5.383388519287109375
1636363348.0768616199,16.873258590698242188,3.4977343082427978516,-5.4182076454162597656
1636363348.0968453884,16.866769790649414062,3.5033137798309326172,-5.4519076347351074219
1636363348.1168622971,16.85926055908203125,3.5086889266967773438,-5.4854135513305664062
1636363348.136841774,16.851213455200195312,3.5138993263244628906,-5.5193243026733398438
1636363348.1568562984,16.842594146728515625,3.5189652442932128906,-5.55336761474609375
1636363348.1768581867,16.834352493286132812,3.5237462520599365234,-5.5844860076904296875
1636363348.1968724728,16.826227188110351562,3.5283255577087402344,-5.6151900291442871094
1636363348.2168562412,16.818115234375,3.5325489044189453125,-5.6458730697631835938
1636363348.2368433475,16.810342788696289062,3.5368657112121582031,-5.6755013465881347656
1636363348.2568640709,16.8030242919921875,3.5410614013671875,-5.7046551704406738281
1636363348.2768721581,16.795934677124023438,3.5451734066009521484,-5.733608245849609375
1636363348.2968888283,16.789258956909179688,3.5494070053100585938,-5.7618570327758789062
1636363348.3168449402,16.783041000366210938,3.5536201000213623047,-5.7895569801330566406
1636363348.3368849754,16.777097702026367188,3.5578870773315429688,-5.8167676925659179688
1636363348.3569214344,16.771495819091796875,3.5622165203094482422,-5.8434247970581054688
1636363348.3768641949,16.7662353515625,3.5666062831878662109,-5.8695316314697265625
1636363348.3968994617,16.7612762451171875,3.5709908008575439453,-5.8952212333679199219
1636363348.41685009,16.756860733032226562,3.5754435062408447266,-5.9202456474304199219
1636363348.4368686676,16.752948760986328125,3.5799503326416015625,-5.9448962211608886719
1636363348.4568693638,16.749332427978515625,3.5849349498748779297,-5.9684047698974609375
1636363348.4769182205,16.74535369873046875,3.5900545120239257812,-5.9902439117431640625
1636363348.4968476295,16.741579055786132812,3.5952692031860351562,-6.0116734504699707031
1636363348.5168941021,16.737939834594726562,3.6004846096038818359,-6.03247833251953125
1636363348.5368843079,16.734210968017578125,3.6057431697845458984,-6.0525078773498535156
1636363348.5568914413,16.730617523193359375,3.6109147071838378906,-6.0716977119445800781
1636363348.5768508911,16.727405548095703125,3.6160809993743896484,-6.0901274681091308594
1636363348.5968446732,16.724630355834960938,3.6212861537933349609,-6.1080656051635742188
1636363348.6168608665,16.722255706787109375,3.6264860630035400391,-6.1253199577331542969
1636363348.6368405819,16.720294952392578125,3.6317119598388671875,-6.1417627334594726562
1636363348.6568720341,16.718425750732421875,3.6366860866546630859,-6.1571202278137207031
1636363348.6768548489,16.716913223266601562,3.6417965888977050781,-6.1723175048828125
1636363348.6968479156,16.715579986572265625,3.6465885639190673828,-6.1864838600158691406
1636363348.7170610428,16.714406967163085938,3.6512503623962402344,-6.2001128196716308594
1636363348.7368934155,16.713411331176757812,3.6554231643676757812,-6.21277618408203125
1636363348.756870985,16.71251678466796875,3.6589190959930419922,-6.2248334884643554688
1636363348.7768566608,16.711751937866210938,3.6621024608612060547,-6.236225128173828125
1636363348.7968595028,16.710824966430664062,3.6646547317504882812,-6.2468609809875488281
1636363348.8169236183,16.709901809692382812,3.6668951511383056641,-6.2571582794189453125
1636363348.8368530273,16.70870208740234375,3.6687455177307128906,-6.2667012214660644531
1636363348.8568575382,16.707485198974609375,3.6703357696533203125,-6.2758393287658691406
1636363348.8769004345,16.70626068115234375,3.6715605258941650391,-6.2845125198364257812
1636363348.8968603611,16.705030441284179688,3.6724619865417480469,-6.2926149368286132812
1636363348.9169435501,16.703657150268554688,3.6729259490966796875,-6.3003401756286621094
1636363348.9368829727,16.70217132568359375,3.6730251312255859375,-6.3076853752136230469
1636363348.9568476677,16.700504302978515625,3.6726963520050048828,-6.3146452903747558594
1636363348.9768743515,16.698728561401367188,3.6718962192535400391,-6.3213381767272949219
1636363348.9968848228,16.696718215942382812,3.6706345081329345703,-6.3275012969970703125
1636363349.0168507099,16.694803237915039062,3.6691663265228271484,-6.3323717117309570312
1636363349.0368826389,16.692914962768554688,3.6673352718353271484,-6.3372073173522949219
1636363349.0568988323,16.69103240966796875,3.6653044223785400391,-6.3414087295532226562
1636363349.0768671036,16.689075469970703125,3.6630322933197021484,-6.3454046249389648438
1636363349.09684515,16.68708038330078125,3.6606113910675048828,-6.3492031097412109375
1636363349.1169478893,16.684993743896484375,3.6579532623291015625,-6.3526439666748046875
1636363349.1368739605,16.682867050170898438,3.6550543308258056641,-6.3559041023254394531
1636363349.156904459,16.680688858032226562,3.6519141197204589844,-6.3590159416198730469
1636363349.1768546104,16.678874969482421875,3.6485912799835205078,-6.3614854812622070312
1636363349.1968479156,16.678958892822265625,3.6455585956573486328,-6.3662676811218261719
1636363349.2168598175,16.679315567016601562,3.6420066356658935547,-6.3723244667053222656
1636363349.2368509769,16.6798248291015625,3.6386654376983642578,-6.3785409927368164062
1636363349.2568433285,16.68045806884765625,3.6354551315307617188,-6.3851070404052734375
1636363349.2768931389,16.681797027587890625,3.6321790218353271484,-6.3917994499206542969
1636363349.296849966,16.683366775512695312,3.6291980743408203125,-6.3993358612060546875
1636363349.3168680668,16.685132980346679688,3.6262531280517578125,-6.4068698883056640625
1636363349.3368561268,16.686962127685546875,3.6231341361999511719,-6.4148836135864257812
1636363349.3568642139,16.689104080200195312,3.6199159622192382812,-6.4232454299926757812
1636363349.3769423962,16.691741943359375,3.6170167922973632812,-6.4310326576232910156
1636363349.3968672752,16.694549560546875,3.6143605709075927734,-6.4387311935424804688
1636363349.4170079231,16.697401046752929688,3.6119427680969238281,-6.4463744163513183594
1636363349.4368844032,16.70026397705078125,3.6095850467681884766,-6.4536614418029785156
1636363349.4568781853,16.7031097412109375,3.6072773933410644531,-6.4605937004089355469
1636363349.4769206047,16.705984115600585938,3.6050958633422851562,-6.4674353599548339844
1636363349.4968602657,16.708826065063476562,3.6030721664428710938,-6.4738922119140625
1636363349.5168924332,16.711660385131835938,3.6011688709259033203,-6.4800925254821777344
1636363349.5369238853,16.714387893676757812,3.5993359088897705078,-6.4859700202941894531
1636363349.556855917,16.717166900634765625,3.5976204872131347656,-6.4914631843566894531
1636363349.5768620968,16.719966888427734375,3.5960574150085449219,-6.4966840744018554688
1636363349.5968368053,16.72275543212890625,3.5946674346923828125,-6.5015535354614257812
1636363349.616856575,16.725477218627929688,3.5934948921203613281,-6.5061173439025878906
1636363349.6368427277,16.728128433227539062,3.5925676822662353516,-6.5103297233581542969
1636363349.6568541527,16.730716705322265625,3.5918743610382080078,-6.5142512321472167969
1636363349.6768627167,16.733304977416992188,3.5914165973663330078,-6.5178880691528320312
1636363349.6968357563,16.7359161376953125,3.5912239551544189453,-6.5212907791137695312
1636363349.7168781757,16.738544464111328125,3.5912830829620361328,-6.5245180130004882812
1636363349.7368612289,16.741155624389648438,3.591625213623046875,-6.5275115966796875
1636363349.7568719387,16.743745803833007812,3.592254638671875,-6.5303635597229003906
1636363349.7768497467,16.746282577514648438,3.5931582450866699219,-6.5330338478088378906
1636363349.7968876362,16.74884033203125,3.5942561626434326172,-6.5354857444763183594
1636363349.8168516159,16.751382827758789062,3.5955471992492675781,-6.5377817153930664062
1636363349.8368709087,16.753606796264648438,3.5967135429382324219,-6.5392298698425292969
1636363349.8568627834,16.755758285522460938,3.5979199409484863281,-6.5404391288757324219
1636363349.8768451214,16.757707595825195312,3.598876953125,-6.5414524078369140625
1636363349.8968803883,16.759614944458007812,3.5995850563049316406,-6.54216766357421875
1636363349.916875124,16.7613677978515625,3.6000981330871582031,-6.5427770614624023438
1636363349.9368445873,16.762939453125,3.6003704071044921875,-6.5431261062622070312
1636363349.9568769932,16.764314651489257812,3.6005458831787109375,-6.5433316230773925781
1636363349.9768486023,16.765560150146484375,3.6005566120147705078,-6.5433835983276367188
1636363349.9968640804,16.766767501831054688,3.6004467010498046875,-6.5432572364807128906
1636363350.0168628693,16.767795562744140625,3.6002573966979980469,-6.5430040359497070312
1636363350.0368843079,16.768724441528320312,3.5999624729156494141,-6.5426115989685058594
1636363350.0569500923,16.769540786743164062,3.5995900630950927734,-6.5420393943786621094
1636363350.0768506527,16.770242691040039062,3.5992670059204101562,-6.5412602424621582031
1636363350.0969336033,16.770837783813476562,3.5991039276123046875,-6.5402827262878417969
1636363350.1168761253,16.771348953247070312,3.5991218090057373047,-6.5391068458557128906
1636363350.1368396282,16.771764755249023438,3.5993258953094482422,-6.5377855300903320312
1636363350.1568601131,16.772083282470703125,3.5996482372283935547,-6.5363130569458007812
1636363350.176882267,16.7723236083984375,3.6000950336456298828,-6.5347256660461425781
1636363350.1968519688,16.772447586059570312,3.6006419658660888672,-6.5330128669738769531
1636363350.2168459892,16.772525787353515625,3.6011929512023925781,-6.5312042236328125
1636363350.2368814945,16.772523880004882812,3.6016597747802734375,-6.529315948486328125
1636363350.2568902969,16.772485733032226562,3.6020269393920898438,-6.5273833274841308594
1636363350.2768509388,16.772409439086914062,3.6022768020629882812,-6.5254068374633789062
1636363350.2968428135,16.7723236083984375,3.6024730205535888672,-6.5233778953552246094
1636363350.3168773651,16.772220611572265625,3.60262298583984375,-6.5213365554809570312
1636363350.3368513584,16.772119522094726562,3.6027457714080810547,-6.51927947998046875
1636363350.356900692,16.772031784057617188,3.6028683185577392578,-6.5172257423400878906
1636363350.3768863678,16.772006988525390625,3.6030061244964599609,-6.5151824951171875
1636363350.3969600201,16.772005081176757812,3.6031413078308105469,-6.5131297111511230469
1636363350.4168765545,16.772054672241210938,3.6033182144165039062,-6.5111031532287597656
1636363350.4368460178,16.772159576416015625,3.6034231185913085938,-6.5091204643249511719
1636363350.4568564892,16.77230072021484375,3.6034789085388183594,-6.5071654319763183594
1636363350.4768545628,16.772497177124023438,3.6035611629486083984,-6.5052495002746582031
1636363350.4968593121,16.772752761840820312,3.6035919189453125,-6.5033335685729980469
1636363350.5168919563,16.77301788330078125,3.6036045551300048828,-6.5014538764953613281
1636363350.5368471146,16.773349761962890625,3.6035654544830322266,-6.4996523857116699219
1636363350.5568425655,16.773866653442382812,3.6034801006317138672,-6.4979305267333984375
1636363350.5768799782,16.774654388427734375,3.6033980846405029297,-6.4963450431823730469
1636363350.596871376,16.775789260864257812,3.6033198833465576172,-6.4949383735656738281
1636363350.6168973446,16.7769927978515625,3.6033561229705810547,-6.4931087493896484375
1636363350.6368527412,16.777637481689453125,3.6036381721496582031,-6.4912128448486328125
1636363350.656870842,16.77754974365234375,3.6039621829986572266,-6.4897480010986328125
1636363350.6768827438,16.7774505615234375,3.6041157245635986328,-6.4877824783325195312
1636363350.6968495846,16.777675628662109375,3.6040635108947753906,-6.4860482215881347656
1636363350.7168464661,16.778261184692382812,3.6037809848785400391,-6.4844126701354980469
1636363350.7368478775,16.77843475341796875,3.6035110950469970703,-6.4825215339660644531
1636363350.756878376,16.778270721435546875,3.6033444404602050781,-6.4806385040283203125
1636363350.7768785954,16.778406143188476562,3.6031785011291503906,-6.4788236618041992188
1636363350.7968633175,16.778789520263671875,3.6030499935150146484,-6.4768767356872558594
1636363350.8168549538,16.778873443603515625,3.6030819416046142578,-6.475017547607421875
1636363350.8368566036,16.778978347778320312,3.6031179428100585938,-6.4730901718139648438
1636363350.8568532467,16.779209136962890625,3.6030337810516357422,-6.4711389541625976562
1636363350.8769247532,16.779233932495117188,3.6029126644134521484,-6.4691853523254394531
1636363350.8968484402,16.779283523559570312,3.6027362346649169922,-6.4672260284423828125
1636363350.9168643951,16.779363632202148438,3.6025600433349609375,-6.4652414321899414062
1636363350.937120676,16.77935791015625,3.6024310588836669922,-6.4632372856140136719
1636363350.9568545818,16.779392242431640625,3.60231781005859375,-6.4612717628479003906
1636363350.9768853188,16.779436111450195312,3.6021909713745117188,-6.4592804908752441406
1636363350.9968516827,16.779401779174804688,3.6020457744598388672,-6.457286834716796875
1636363351.0168550014,16.779399871826171875,3.6018512248992919922,-6.4552950859069824219
1636363351.036864996,16.779369354248046875,3.6016554832458496094,-6.4532957077026367188
1636363351.0569229126,16.779340744018554688,3.6014790534973144531,-6.4512910842895507812
1636363351.0769512653,16.779325485229492188,3.6013386249542236328,-6.4492831230163574219
1636363351.0968534946,16.77928924560546875,3.6012160778045654297,-6.4472823143005371094
1636363351.116853714,16.779254913330078125,3.6010923385620117188,-6.4452786445617675781
1636363351.1368434429,16.779222488403320312,3.60095977783203125,-6.44327545166015625
1636363351.1568963528,16.779157638549804688,3.6008112430572509766,-6.4412736892700195312
1636363351.1769058704,16.77910614013671875,3.6006569862365722656,-6.4392852783203125
1636363351.1968507767,16.779035568237304688,3.600513458251953125,-6.4373064041137695312
1636363351.2168765068,16.778961181640625,3.6003689765930175781,-6.4353418350219726562
1636363351.236862421,16.778882980346679688,3.6002244949340820312,-6.4333844184875488281
1636363351.2568883896,16.778810501098632812,3.6000812053680419922,-6.4314441680908203125
1636363351.2768704891,16.778736114501953125,3.5999317169189453125,-6.4295177459716796875
1636363351.2969079018,16.778657913208007812,3.5997807979583740234,-6.4276051521301269531
1636363351.3168458939,16.7785797119140625,3.5996365547180175781,-6.4257073402404785156
1636363351.336861372,16.77851104736328125,3.5994760990142822266,-6.4238290786743164062
1636363351.3568718433,16.77843475341796875,3.5993242263793945312,-6.4219651222229003906
1636363351.3768444061,16.778352737426757812,3.5991764068603515625,-6.4201188087463378906
1636363351.3968484402,16.778291702270507812,3.5990147590637207031,-6.4182882308959960938
1636363351.4168641567,16.77820587158203125,3.5988485813140869141,-6.4164786338806152344
1636363351.4368560314,16.778142929077148438,3.5986783504486083984,-6.4146885871887207031
1636363351.4568462372,16.778085708618164062,3.5984947681427001953,-6.4129147529602050781
1636363351.4768545628,16.778032302856445312,3.5983104705810546875,-6.4111609458923339844
1636363351.4968526363,16.777988433837890625,3.5981323719024658203,-6.4094233512878417969
1636363351.51684165,16.777965545654296875,3.5979421138763427734,-6.4077014923095703125
1636363351.5368993282,16.777929306030273438,3.5977594852447509766,-6.4059987068176269531
1636363351.5568799973,16.777956008911132812,3.5975832939147949219,-6.4043126106262207031
1636363351.5768508911,16.7779541015625,3.5974407196044921875,-6.4026403427124023438
1636363351.5968658924,16.777942657470703125,3.5973031520843505859,-6.4009861946105957031
1636363351.6168422699,16.777950286865234375,3.5971417427062988281,-6.3993434906005859375
1636363351.6368501186,16.777912139892578125,3.5969738960266113281,-6.3977084159851074219
1636363351.6568472385,16.777879714965820312,3.5967867374420166016,-6.3960862159729003906
1636363351.676856041,16.777830123901367188,3.5966114997863769531,-6.3944864273071289062
1636363351.6968579292,16.77776336669921875,3.5964543819427490234,-6.3929080963134765625
1636363351.7168719769,16.77770233154296875,3.5963082313537597656,-6.3913521766662597656
1636363351.7368869781,16.777624130249023438,3.5961678028106689453,-6.3898253440856933594
1636363351.7570266724,16.777544021606445312,3.5960104465484619141,-6.3883237838745117188
1636363351.7768502235,16.777463912963867188,3.5958402156829833984,-6.3868765830993652344
1636363351.796970129,16.777370452880859375,3.5956737995147705078,-6.3854517936706542969
1636363351.8168849945,16.77728271484375,3.5955090522766113281,-6.3840589523315429688
1636363351.8368537426,16.7771759033203125,3.5953707695007324219,-6.3827004432678222656
1636363351.8568508625,16.777065277099609375,3.5952379703521728516,-6.381359100341796875
1636363351.8769218922,16.776958465576171875,3.5951061248779296875,-6.3800396919250488281
1636363351.896848917,16.776842117309570312,3.5949718952178955078,-6.3787436485290527344
1636363351.9168884754,16.7767181396484375,3.5948395729064941406,-6.3774662017822265625
1636363351.936850071,16.776613235473632812,3.5947103500366210938,-6.3762073516845703125
1636363351.9568417072,16.776502609252929688,3.5945913791656494141,-6.3749675750732421875
1636363351.9768838882,16.776401519775390625,3.5944876670837402344,-6.3737401962280273438
1636363351.9968409538,16.776315689086914062,3.5943772792816162109,-6.3725295066833496094
1636363352.0168612003,16.776224136352539062,3.5942635536193847656,-6.3713331222534179688
1636363352.0368497372,16.776126861572265625,3.5941500663757324219,-6.3701539039611816406
1636363352.0568685532,16.776031494140625,3.594024658203125,-6.3689894676208496094
1636363352.0769035816,16.775918960571289062,3.5939040184020996094,-6.3678417205810546875
1636363352.0968484879,16.7758026123046875,3.5937762260437011719,-6.3667144775390625
1636363352.1168832779,16.775684356689453125,3.5936462879180908203,-6.3655953407287597656
1636363352.1368508339,16.775552749633789062,3.5935246944427490234,-6.3644881248474121094
1636363352.1568517685,16.775432586669921875,3.5934088230133056641,-6.3633923530578613281
1636363352.1768760681,16.775318145751953125,3.5932939052581787109,-6.3623108863830566406
1636363352.1968603134,16.775197982788085938,3.5931992530822753906,-6.3612475395202636719
1636363352.2168591022,16.775094985961914062,3.5931046009063720703,-6.3601961135864257812
1636363352.2368957996,16.77498626708984375,3.5930161476135253906,-6.3591585159301757812
1636363352.2568497658,16.77487945556640625,3.592937469482421875,-6.358135223388671875
1636363352.276850462,16.774785995483398438,3.5928547382354736328,-6.3571252822875976562
1636363352.2968432903,16.774679183959960938,3.5927820205688476562,-6.3561329841613769531
1636363352.3168492317,16.774576187133789062,3.5927095413208007812,-6.3551607131958007812
1636363352.3368425369,16.77447509765625,3.5926222801208496094,-6.3542084693908691406
1636363352.3568308353,16.774358749389648438,3.5925374031066894531,-6.3532800674438476562
1636363352.3768541813,16.774244308471679688,3.5924446582794189453,-6.3523726463317871094
1636363352.3968794346,16.77411651611328125,3.5923368930816650391,-6.3514919281005859375
1636363352.4168419838,16.773973464965820312,3.5922343730926513672,-6.3506388664245605469
1636363352.4368553162,16.773845672607421875,3.5921244621276855469,-6.3498091697692871094
1636363352.4568443298,16.773708343505859375,3.5920102596282958984,-6.3490052223205566406
1636363352.4768614769,16.773563385009765625,3.5919051170349121094,-6.3482298851013183594
1636363352.4968490601,16.773433685302734375,3.5917906761169433594,-6.3474798202514648438
1636363352.516869545,16.773286819458007812,3.5916826725006103516,-6.3467578887939453125
1636363352.5368397236,16.773149490356445312,3.5915775299072265625,-6.3460636138916015625
1636363352.556895256,16.773019790649414062,3.5914671421051025391,-6.3453993797302246094
1636363352.5769081116,16.772882461547851562,3.5913660526275634766,-6.3447656631469726562
1636363352.5968623161,16.772760391235351562,3.5912642478942871094,-6.3441662788391113281
1636363352.6168467999,16.772634506225585938,3.5911648273468017578,-6.3435983657836914062
1636363352.636841774,16.772502899169921875,3.5910696983337402344,-6.3430528640747070312
1636363352.6568801403,16.772382736206054688,3.5909621715545654297,-6.3425273895263671875
1636363352.6768243313,16.772382736206054688,3.5909621715545654297,-6.3425273895263671875
1636363352.6968672276,16.772382736206054688,3.5909621715545654297,-6.3425273895263671875
1636363352.7168676853,16.772382736206054688,3.5909621715545654297,-6.3425273895263671875
1636363352.7368338108,16.772382736206054688,3.5909621715545654297,-6.3425273895263671875
1636363352.7568173409,16.772382736206054688,3.5909621715545654297,-6.3425273895263671875
1636363352.7768454552,16.772382736206054688,3.5909621715545654297,-6.3425273895263671875
1636363352.7968139648,16.772382736206054688,3.5909621715545654297,-6.3425273895263671875
1636363352.8168373108,16.772382736206054688,3.5909621715545654297,-6.3425273895263671875
1636363352.8368206024,16.772382736206054688,3.5909621715545654297,-6.3425273895263671875
1636363352.8568191528,16.772382736206054688,3.5909621715545654297,-6.3425273895263671875
1636363352.8768708706,16.772382736206054688,3.5909621715545654297,-6.3425273895263671875
1636363352.8968319893,16.772382736206054688,3.5909621715545654297,-6.3425273895263671875
1636363352.9168555737,16.772382736206054688,3.5909621715545654297,-6.3425273895263671875
1636363352.9368255138,16.772382736206054688,3.5909621715545654297,-6.3425273895263671875
1636363352.9568181038,16.772382736206054688,3.5909621715545654297,-6.3425273895263671875
1636363352.976834774,16.772382736206054688,3.5909621715545654297,-6.3425273895263671875
1636363352.9968309402,16.772382736206054688,3.5909621715545654297,-6.3425273895263671875
1636363353.0168206692,16.772382736206054688,3.5909621715545654297,-6.3425273895263671875
1636363353.0368461609,16.772382736206054688,3.5909621715545654297,-6.3425273895263671875
1636363353.0568180084,16.772382736206054688,3.5909621715545654297,-6.3425273895263671875
1636363353.0768246651,16.772382736206054688,3.5909621715545654297,-6.3425273895263671875
1636363353.0968265533,16.772382736206054688,3.5909621715545654297,-6.3425273895263671875
1636363353.1168301105,16.772382736206054688,3.5909621715545654297,-6.3425273895263671875
1636363353.1368362904,16.772382736206054688,3.5909621715545654297,-6.3425273895263671875
1636363353.1568343639,16.772382736206054688,3.5909621715545654297,-6.3425273895263671875
1636363353.176861763,16.772382736206054688,3.5909621715545654297,-6.3425273895263671875
1636363353.1968290806,16.772382736206054688,3.5909621715545654297,-6.3425273895263671875
1636363353.2169008255,16.772382736206054688,3.5909621715545654297,-6.3425273895263671875
1636363353.2368342876,16.772382736206054688,3.5909621715545654297,-6.3425273895263671875
1636363353.2568459511,16.772382736206054688,3.5909621715545654297,-6.3425273895263671875
1636363353.2768177986,16.772382736206054688,3.5909621715545654297,-6.3425273895263671875
1636363353.2968206406,16.772382736206054688,3.5909621715545654297,-6.3425273895263671875
1636363353.3168494701,16.772382736206054688,3.5909621715545654297,-6.3425273895263671875
1636363353.336833477,16.772382736206054688,3.5909621715545654297,-6.3425273895263671875
1636363353.3568313122,16.772382736206054688,3.5909621715545654297,-6.3425273895263671875
1636363353.3768773079,16.772382736206054688,3.5909621715545654297,-6.3425273895263671875
1636363353.3969113827,16.772382736206054688,3.5909621715545654297,-6.3425273895263671875
1636363353.4168753624,16.772382736206054688,3.5909621715545654297,-6.3425273895263671875
1636363353.4368302822,16.772382736206054688,3.5909621715545654297,-6.3425273895263671875
1636363353.4569525719,16.772382736206054688,3.5909621715545654297,-6.3425273895263671875
1636363353.4768140316,16.772382736206054688,3.5909621715545654297,-6.3425273895263671875
1636363353.4968361855,16.772382736206054688,3.5909621715545654297,-6.3425273895263671875
1636363353.516835928,16.772382736206054688,3.5909621715545654297,-6.3425273895263671875
1636363353.5368278027,16.772382736206054688,3.5909621715545654297,-6.3425273895263671875
1636363353.5568172932,16.772382736206054688,3.5909621715545654297,-6.3425273895263671875
1636363353.5769395828,16.772382736206054688,3.5909621715545654297,-6.3425273895263671875
1636363353.596821785,16.772382736206054688,3.5909621715545654297,-6.3425273895263671875
1636363353.6168181896,16.772382736206054688,3.5909621715545654297,-6.3425273895263671875
1636363353.6368353367,16.772382736206054688,3.5909621715545654297,-6.3425273895263671875
1636363353.6568315029,16.772382736206054688,3.5909621715545654297,-6.3425273895263671875
1636363353.676851511,16.772382736206054688,3.5909621715545654297,-6.3425273895263671875
1636363353.6968090534,16.772382736206054688,3.5909621715545654297,-6.3425273895263671875
1636363353.7168269157,16.772382736206054688,3.5909621715545654297,-6.3425273895263671875
1636363353.7368583679,16.772382736206054688,3.5909621715545654297,-6.3425273895263671875
1636363353.7568254471,16.772382736206054688,3.5909621715545654297,-6.3425273895263671875
1636363353.7768290043,16.772382736206054688,3.5909621715545654297,-6.3425273895263671875
1636363353.7968115807,16.772382736206054688,3.5909621715545654297,-6.3425273895263671875
1636363353.8168282509,16.772382736206054688,3.5909621715545654297,-6.3425273895263671875
1636363353.8368759155,16.772382736206054688,3.5909621715545654297,-6.3425273895263671875
1636363353.8568305969,16.772382736206054688,3.5909621715545654297,-6.3425273895263671875
1636363353.8768315315,16.772382736206054688,3.5909621715545654297,-6.3425273895263671875
1636363353.8968241215,16.772382736206054688,3.5909621715545654297,-6.3425273895263671875
1636363353.9168159962,16.772382736206054688,3.5909621715545654297,-6.3425273895263671875
1636363353.9368267059,16.772382736206054688,3.5909621715545654297,-6.3425273895263671875
1636363353.9568152428,16.772382736206054688,3.5909621715545654297,-6.3425273895263671875
1636363353.9768316746,16.772382736206054688,3.5909621715545654297,-6.3425273895263671875
1636363353.9968514442,16.772382736206054688,3.5909621715545654297,-6.3425273895263671875
1636363354.0168266296,16.772382736206054688,3.5909621715545654297,-6.3425273895263671875
1636363354.0368356705,16.772382736206054688,3.5909621715545654297,-6.3425273895263671875
1636363354.0568137169,16.772382736206054688,3.5909621715545654297,-6.3425273895263671875
1636363354.0768890381,16.772382736206054688,3.5909621715545654297,-6.3425273895263671875
1636363354.0968227386,16.772382736206054688,3.5909621715545654297,-6.3425273895263671875
1636363354.116822958,16.772382736206054688,3.5909621715545654297,-6.3425273895263671875
1636363354.136834383,16.772382736206054688,3.5909621715545654297,-6.3425273895263671875
1636363354.1568398476,16.772382736206054688,3.5909621715545654297,-6.3425273895263671875
1636363354.176846981,16.772382736206054688,3.5909621715545654297,-6.3425273895263671875
1636363354.1968224049,16.772382736206054688,3.5909621715545654297,-6.3425273895263671875
1636363354.2168424129,16.772382736206054688,3.5909621715545654297,-6.3425273895263671875
1636363354.2368249893,16.772382736206054688,3.5909621715545654297,-6.3425273895263671875
1636363354.256816864,16.772382736206054688,3.5909621715545654297,-6.3425273895263671875
1636363354.2768290043,16.772382736206054688,3.5909621715545654297,-6.3425273895263671875
1636363354.2968249321,16.772382736206054688,3.5909621715545654297,-6.3425273895263671875
1636363354.3168306351,16.772382736206054688,3.5909621715545654297,-6.3425273895263671875
1636363354.3369626999,16.772382736206054688,3.5909621715545654297,-6.3425273895263671875
1636363354.3568592072,16.772382736206054688,3.5909621715545654297,-6.3425273895263671875
1636363354.3768129349,16.772382736206054688,3.5909621715545654297,-6.3425273895263671875
1636363354.396812439,16.772382736206054688,3.5909621715545654297,-6.3425273895263671875
1636363354.4168624878,16.772382736206054688,3.5909621715545654297,-6.3425273895263671875
1636363354.4368431568,16.772382736206054688,3.5909621715545654297,-6.3425273895263671875
1636363354.456817627,16.772382736206054688,3.5909621715545654297,-6.3425273895263671875
1636363354.4768662453,16.772382736206054688,3.5909621715545654297,-6.3425273895263671875
1636363354.4968237877,16.772382736206054688,3.5909621715545654297,-6.3425273895263671875
1636363354.5168278217,16.772382736206054688,3.5909621715545654297,-6.3425273895263671875
1636363354.536823988,16.772382736206054688,3.5909621715545654297,-6.3425273895263671875
1636363354.5568249226,16.772382736206054688,3.5909621715545654297,-6.3425273895263671875
1636363354.5768575668,16.772382736206054688,3.5909621715545654297,-6.3425273895263671875
1636363354.5968215466,16.772382736206054688,3.5909621715545654297,-6.3425273895263671875
1636363354.6168091297,16.772382736206054688,3.5909621715545654297,-6.3425273895263671875
1636363354.6368744373,16.772382736206054688,3.5909621715545654297,-6.3425273895263671875
1636363354.6568357944,16.772382736206054688,3.5909621715545654297,-6.3425273895263671875
1636363354.6768324375,16.772382736206054688,3.5909621715545654297,-6.3425273895263671875
1636363354.6968750954,16.772382736206054688,3.5909621715545654297,-6.3425273895263671875
1636363354.7168207169,16.772382736206054688,3.5909621715545654297,-6.3425273895263671875
1636363354.7368421555,16.772382736206054688,3.5909621715545654297,-6.3425273895263671875
1636363354.7568562031,16.772382736206054688,3.5909621715545654297,-6.3425273895263671875
1636363354.7768135071,16.772382736206054688,3.5909621715545654297,-6.3425273895263671875
1636363354.7968177795,16.772382736206054688,3.5909621715545654297,-6.3425273895263671875
1636363354.8168439865,16.772382736206054688,3.5909621715545654297,-6.3425273895263671875
1636363354.8368265629,16.772382736206054688,3.5909621715545654297,-6.3425273895263671875
1636363354.856842041,16.772382736206054688,3.5909621715545654297,-6.3425273895263671875
1636363354.876844883,16.772382736206054688,3.5909621715545654297,-6.3425273895263671875
1636363354.8968317509,16.772382736206054688,3.5909621715545654297,-6.3425273895263671875
1636363354.9168310165,16.772382736206054688,3.5909621715545654297,-6.3425273895263671875
1636363354.9368541241,16.772382736206054688,3.5909621715545654297,-6.3425273895263671875
1636363354.9568223953,16.772382736206054688,3.5909621715545654297,-6.3425273895263671875
1636363354.9768228531,16.772382736206054688,3.5909621715545654297,-6.3425273895263671875
1636363354.9968121052,16.772382736206054688,3.5909621715545654297,-6.3425273895263671875
1636363355.0168318748,16.772382736206054688,3.5909621715545654297,-6.3425273895263671875
1636363355.0368616581,16.772382736206054688,3.5909621715545654297,-6.3425273895263671875
1636363355.0568320751,16.772382736206054688,3.5909621715545654297,-6.3425273895263671875
1636363355.076839447,16.772382736206054688,3.5909621715545654297,-6.3425273895263671875
1636363355.0968840122,16.772382736206054688,3.5909621715545654297,-6.3425273895263671875
1636363355.1168179512,16.772382736206054688,3.5909621715545654297,-6.3425273895263671875
1636363355.1368303299,16.772382736206054688,3.5909621715545654297,-6.3425273895263671875
1636363355.1568379402,16.772382736206054688,3.5909621715545654297,-6.3425273895263671875
1636363355.1768579483,16.772382736206054688,3.5909621715545654297,-6.3425273895263671875
1636363355.1968238354,16.772382736206054688,3.5909621715545654297,-6.3425273895263671875
1636363355.2168295383,16.772382736206054688,3.5909621715545654297,-6.3425273895263671875
1636363355.2368314266,16.772382736206054688,3.5909621715545654297,-6.3425273895263671875
1636363355.2568290234,16.772382736206054688,3.5909621715545654297,-6.3425273895263671875
1636363355.2768661976,16.772382736206054688,3.5909621715545654297,-6.3425273895263671875
1636363355.2968571186,16.772382736206054688,3.5909621715545654297,-6.3425273895263671875
1636363355.3168389797,16.772382736206054688,3.5909621715545654297,-6.3425273895263671875
1636363355.3368303776,16.772382736206054688,3.5909621715545654297,-6.3425273895263671875
1636363355.356896162,16.772382736206054688,3.5909621715545654297,-6.3425273895263671875
1636363355.376847744,16.772382736206054688,3.5909621715545654297,-6.3425273895263671875
1636363355.3968162537,16.772382736206054688,3.5909621715545654297,-6.3425273895263671875
1636363355.4168326855,16.772382736206054688,3.5909621715545654297,-6.3425273895263671875
1636363355.4368364811,16.772382736206054688,3.5909621715545654297,-6.3425273895263671875
1636363355.4568207264,16.772382736206054688,3.5909621715545654297,-6.3425273895263671875
1636363355.4768457413,16.772382736206054688,3.5909621715545654297,-6.3425273895263671875
1636363355.4968194962,16.772382736206054688,3.5909621715545654297,-6.3425273895263671875
1636363355.5168218613,16.772382736206054688,3.5909621715545654297,-6.3425273895263671875
1636363355.5368199348,16.772382736206054688,3.5909621715545654297,-6.3425273895263671875
1636363355.5568268299,16.772382736206054688,3.5909621715545654297,-6.3425273895263671875
1636363355.5768287182,16.772382736206054688,3.5909621715545654297,-6.3425273895263671875
1636363355.5969707966,16.772382736206054688,3.5909621715545654297,-6.3425273895263671875
1636363355.6168396473,16.772382736206054688,3.5909621715545654297,-6.3425273895263671875
1636363355.6368160248,16.772382736206054688,3.5909621715545654297,-6.3425273895263671875
1636363355.6568241119,16.772382736206054688,3.5909621715545654297,-6.3425273895263671875
1636363355.6768217087,16.772382736206054688,3.5909621715545654297,-6.3425273895263671875
1636363355.6968400478,16.772382736206054688,3.5909621715545654297,-6.3425273895263671875
1636363355.7168569565,16.772382736206054688,3.5909621715545654297,-6.3425273895263671875
1636363355.7368228436,16.772382736206054688,3.5909621715545654297,-6.3425273895263671875
1636363355.7569143772,16.772382736206054688,3.5909621715545654297,-6.3425273895263671875
1636363355.7768390179,16.772382736206054688,3.5909621715545654297,-6.3425273895263671875
1636363355.79682827,16.772382736206054688,3.5909621715545654297,-6.3425273895263671875
1636363355.8168134689,16.772382736206054688,3.5909621715545654297,-6.3425273895263671875
1636363355.8368127346,16.772382736206054688,3.5909621715545654297,-6.3425273895263671875
1636363355.8568339348,16.772382736206054688,3.5909621715545654297,-6.3425273895263671875
1636363355.8768284321,16.772382736206054688,3.5909621715545654297,-6.3425273895263671875
1636363355.8968234062,16.772382736206054688,3.5909621715545654297,-6.3425273895263671875
1636363355.9168257713,16.772382736206054688,3.5909621715545654297,-6.3425273895263671875
1636363355.9368181229,16.772382736206054688,3.5909621715545654297,-6.3425273895263671875
1636363355.9568340778,16.772382736206054688,3.5909621715545654297,-6.3425273895263671875
1636363355.9768300056,16.772382736206054688,3.5909621715545654297,-6.3425273895263671875
1636363355.996819973,16.772382736206054688,3.5909621715545654297,-6.3425273895263671875
1636363356.0168383121,16.772382736206054688,3.5909621715545654297,-6.3425273895263671875
1636363356.036832571,16.772382736206054688,3.5909621715545654297,-6.3425273895263671875
1636363356.0568153858,16.772382736206054688,3.5909621715545654297,-6.3425273895263671875
1636363356.0768229961,16.772382736206054688,3.5909621715545654297,-6.3425273895263671875
1636363356.0968160629,16.772382736206054688,3.5909621715545654297,-6.3425273895263671875
1636363356.1168162823,16.772382736206054688,3.5909621715545654297,-6.3425273895263671875
1636363356.1368229389,16.772382736206054688,3.5909621715545654297,-6.3425273895263671875
1636363356.1568143368,16.772382736206054688,3.5909621715545654297,-6.3425273895263671875
1636363356.1768209934,16.772382736206054688,3.5909621715545654297,-6.3425273895263671875
1636363356.1968655586,16.772382736206054688,3.5909621715545654297,-6.3425273895263671875
1636363356.2168469429,16.772382736206054688,3.5909621715545654297,-6.3425273895263671875
1636363356.2368211746,16.772382736206054688,3.5909621715545654297,-6.3425273895263671875
1636363356.2568321228,16.772382736206054688,3.5909621715545654297,-6.3425273895263671875
1636363356.2768132687,16.772382736206054688,3.5909621715545654297,-6.3425273895263671875
1636363356.2968244553,16.772382736206054688,3.5909621715545654297,-6.3425273895263671875
1636363356.3168518543,16.772382736206054688,3.5909621715545654297,-6.3425273895263671875
1636363356.3368179798,16.772382736206054688,3.5909621715545654297,-6.3425273895263671875
1636363356.3568258286,16.772382736206054688,3.5909621715545654297,-6.3425273895263671875
1636363356.3768186569,16.772382736206054688,3.5909621715545654297,-6.3425273895263671875
1636363356.3968305588,16.772382736206054688,3.5909621715545654297,-6.3425273895263671875
1636363356.4168233871,16.772382736206054688,3.5909621715545654297,-6.3425273895263671875
1636363356.4368231297,16.772382736206054688,3.5909621715545654297,-6.3425273895263671875
1636363356.4568238258,16.772382736206054688,3.5909621715545654297,-6.3425273895263671875
1636363356.4768185616,16.772382736206054688,3.5909621715545654297,-6.3425273895263671875
1636363356.4968194962,16.772382736206054688,3.5909621715545654297,-6.3425273895263671875
1636363356.51684618,16.772382736206054688,3.5909621715545654297,-6.3425273895263671875
1636363356.5368216038,16.772382736206054688,3.5909621715545654297,-6.3425273895263671875
1636363356.556825161,16.772382736206054688,3.5909621715545654297,-6.3425273895263671875
1636363356.5768601894,16.772382736206054688,3.5909621715545654297,-6.3425273895263671875
1636363356.5968158245,16.772382736206054688,3.5909621715545654297,-6.3425273895263671875
1636363356.6168339252,16.772382736206054688,3.5909621715545654297,-6.3425273895263671875
1636363356.6368174553,16.772382736206054688,3.5909621715545654297,-6.3425273895263671875
1636363356.6568348408,16.772382736206054688,3.5909621715545654297,-6.3425273895263671875
1636363356.6768112183,16.772382736206054688,3.5909621715545654297,-6.3425273895263671875
1636363356.69683218,16.772382736206054688,3.5909621715545654297,-6.3425273895263671875
1636363356.7168540955,16.772382736206054688,3.5909621715545654297,-6.3425273895263671875
1636363356.7368431091,16.772382736206054688,3.5909621715545654297,-6.3425273895263671875
1636363356.7568385601,16.772382736206054688,3.5909621715545654297,-6.3425273895263671875
1636363356.7768232822,16.772382736206054688,3.5909621715545654297,-6.3425273895263671875
1636363356.7968232632,16.772382736206054688,3.5909621715545654297,-6.3425273895263671875
1636363356.8168430328,16.772382736206054688,3.5909621715545654297,-6.3425273895263671875
1636363356.8368358612,16.772382736206054688,3.5909621715545654297,-6.3425273895263671875
1636363356.8568310738,16.772382736206054688,3.5909621715545654297,-6.3425273895263671875
1636363356.8768420219,16.772382736206054688,3.5909621715545654297,-6.3425273895263671875
1636363356.8968238831,16.772382736206054688,3.5909621715545654297,-6.3425273895263671875
1636363356.916888237,16.772382736206054688,3.5909621715545654297,-6.3425273895263671875
1636363356.9368197918,16.772382736206054688,3.5909621715545654297,-6.3425273895263671875
1636363356.9568710327,16.772382736206054688,3.5909621715545654297,-6.3425273895263671875
1636363356.9768254757,16.772382736206054688,3.5909621715545654297,-6.3425273895263671875
1636363356.9968323708,16.772382736206054688,3.5909621715545654297,-6.3425273895263671875
1636363357.0168352127,16.772382736206054688,3.5909621715545654297,-6.3425273895263671875
1636363357.0368449688,16.772382736206054688,3.5909621715545654297,-6.3425273895263671875
1636363357.0568416119,16.772382736206054688,3.5909621715545654297,-6.3425273895263671875
1636363357.0768151283,16.772382736206054688,3.5909621715545654297,-6.3425273895263671875
1636363357.096827507,16.772382736206054688,3.5909621715545654297,-6.3425273895263671875
1636363357.1168072224,16.772382736206054688,3.5909621715545654297,-6.3425273895263671875
1636363357.1368319988,16.772382736206054688,3.5909621715545654297,-6.3425273895263671875
1636363357.1568598747,16.772382736206054688,3.5909621715545654297,-6.3425273895263671875
1636363357.1768393517,16.772382736206054688,3.5909621715545654297,-6.3425273895263671875
1636363357.1968314648,16.772382736206054688,3.5909621715545654297,-6.3425273895263671875
1636363357.2168221474,16.772382736206054688,3.5909621715545654297,-6.3425273895263671875
1636363357.2368180752,16.772382736206054688,3.5909621715545654297,-6.3425273895263671875
1636363357.2568511963,16.772382736206054688,3.5909621715545654297,-6.3425273895263671875
1636363357.2768177986,16.772382736206054688,3.5909621715545654297,-6.3425273895263671875
1636363357.2968213558,16.772382736206054688,3.5909621715545654297,-6.3425273895263671875
1636363357.316848278,16.772382736206054688,3.5909621715545654297,-6.3425273895263671875
1636363357.3368189335,16.772382736206054688,3.5909621715545654297,-6.3425273895263671875
1636363357.3568389416,16.772382736206054688,3.5909621715545654297,-6.3425273895263671875
1636363357.3768117428,16.772382736206054688,3.5909621715545654297,-6.3425273895263671875
1636363357.3970863819,16.772382736206054688,3.5909621715545654297,-6.3425273895263671875
1636363357.4168155193,16.772382736206054688,3.5909621715545654297,-6.3425273895263671875
1636363357.4368400574,16.772382736206054688,3.5909621715545654297,-6.3425273895263671875
1636363357.4570086002,16.772382736206054688,3.5909621715545654297,-6.3425273895263671875
1636363357.4768235683,16.772382736206054688,3.5909621715545654297,-6.3425273895263671875
1636363357.4968476295,16.772382736206054688,3.5909621715545654297,-6.3425273895263671875
1636363357.5168449879,16.772382736206054688,3.5909621715545654297,-6.3425273895263671875
1636363357.5368242264,16.772382736206054688,3.5909621715545654297,-6.3425273895263671875
1636363357.5568261147,16.772382736206054688,3.5909621715545654297,-6.3425273895263671875
1636363357.5768146515,16.772382736206054688,3.5909621715545654297,-6.3425273895263671875
1636363357.5968301296,16.772382736206054688,3.5909621715545654297,-6.3425273895263671875
1636363357.6168196201,16.772382736206054688,3.5909621715545654297,-6.3425273895263671875
1636363357.6368861198,16.772382736206054688,3.5909621715545654297,-6.3425273895263671875
1636363357.6568291187,16.772382736206054688,3.5909621715545654297,-6.3425273895263671875
1636363357.6768162251,16.772382736206054688,3.5909621715545654297,-6.3425273895263671875
1636363357.6968271732,16.772382736206054688,3.5909621715545654297,-6.3425273895263671875
1636363357.7168262005,16.772382736206054688,3.5909621715545654297,-6.3425273895263671875
1636363357.7368543148,16.772382736206054688,3.5909621715545654297,-6.3425273895263671875
1636363357.7568192482,16.772382736206054688,3.5909621715545654297,-6.3425273895263671875
1636363357.7768156528,16.772382736206054688,3.5909621715545654297,-6.3425273895263671875
1636363357.7968356609,16.772382736206054688,3.5909621715545654297,-6.3425273895263671875
1636363357.8168923855,16.772382736206054688,3.5909621715545654297,-6.3425273895263671875
1636363357.8368492126,16.772382736206054688,3.5909621715545654297,-6.3425273895263671875
1636363357.8568272591,16.772382736206054688,3.5909621715545654297,-6.3425273895263671875
1636363357.8768155575,16.772382736206054688,3.5909621715545654297,-6.3425273895263671875
1636363357.8968448639,16.772382736206054688,3.5909621715545654297,-6.3425273895263671875
1636363357.9168643951,16.772382736206054688,3.5909621715545654297,-6.3425273895263671875
1636363357.9368646145,16.772382736206054688,3.5909621715545654297,-6.3425273895263671875
1636363357.9568636417,16.772382736206054688,3.5909621715545654297,-6.3425273895263671875
1636363357.976829052,16.772382736206054688,3.5909621715545654297,-6.3425273895263671875
1636363357.9968807697,16.772382736206054688,3.5909621715545654297,-6.3425273895263671875
1636363358.0168228149,16.772382736206054688,3.5909621715545654297,-6.3425273895263671875
1636363358.0368151665,16.772382736206054688,3.5909621715545654297,-6.3425273895263671875
1636363358.0568196774,16.772382736206054688,3.5909621715545654297,-6.3425273895263671875
1636363358.0768108368,16.772382736206054688,3.5909621715545654297,-6.3425273895263671875
1636363358.0968754292,16.772382736206054688,3.5909621715545654297,-6.3425273895263671875
1636363358.1168327332,16.772382736206054688,3.5909621715545654297,-6.3425273895263671875
1636363358.1368207932,16.772382736206054688,3.5909621715545654297,-6.3425273895263671875
1636363358.1568517685,16.772382736206054688,3.5909621715545654297,-6.3425273895263671875
1636363358.1768097878,16.772382736206054688,3.5909621715545654297,-6.3425273895263671875
1636363358.1968233585,16.772382736206054688,3.5909621715545654297,-6.3425273895263671875
1636363358.2168796062,16.772382736206054688,3.5909621715545654297,-6.3425273895263671875
1636363358.2368197441,16.772382736206054688,3.5909621715545654297,-6.3425273895263671875
1636363358.2568523884,16.772382736206054688,3.5909621715545654297,-6.3425273895263671875
1636363358.2768127918,16.772382736206054688,3.5909621715545654297,-6.3425273895263671875
1636363358.2968747616,16.772382736206054688,3.5909621715545654297,-6.3425273895263671875
1636363358.3168091774,16.772382736206054688,3.5909621715545654297,-6.3425273895263671875
1636363358.3368377686,16.772382736206054688,3.5909621715545654297,-6.3425273895263671875
1636363358.3568620682,16.772382736206054688,3.5909621715545654297,-6.3425273895263671875
1636363358.3768246174,16.772382736206054688,3.5909621715545654297,-6.3425273895263671875
1636363358.3968772888,16.772382736206054688,3.5909621715545654297,-6.3425273895263671875
1636363358.4168336391,16.772382736206054688,3.5909621715545654297,-6.3425273895263671875
1636363358.4368312359,16.772382736206054688,3.5909621715545654297,-6.3425273895263671875
1636363358.4568185806,16.772382736206054688,3.5909621715545654297,-6.3425273895263671875
1636363358.4768209457,16.772382736206054688,3.5909621715545654297,-6.3425273895263671875
1636363358.496840477,16.772382736206054688,3.5909621715545654297,-6.3425273895263671875
1636363358.5168414116,16.772382736206054688,3.5909621715545654297,-6.3425273895263671875
1636363358.5368249416,16.772382736206054688,3.5909621715545654297,-6.3425273895263671875
1636363358.5568165779,16.772382736206054688,3.5909621715545654297,-6.3425273895263671875
1636363358.576829195,16.772382736206054688,3.5909621715545654297,-6.3425273895263671875
1636363358.5968365669,16.772382736206054688,3.5909621715545654297,-6.3425273895263671875
1636363358.6168117523,16.772382736206054688,3.5909621715545654297,-6.3425273895263671875
1636363358.6368489265,16.772382736206054688,3.5909621715545654297,-6.3425273895263671875
1636363358.6569070816,16.772382736206054688,3.5909621715545654297,-6.3425273895263671875
1636363358.6768095493,16.772382736206054688,3.5909621715545654297,-6.3425273895263671875
1636363358.6967923641,16.772382736206054688,3.5909621715545654297,-6.3425273895263671875
1636363358.7168562412,16.772382736206054688,3.5909621715545654297,-6.3425273895263671875
1636363358.7368416786,16.772382736206054688,3.5909621715545654297,-6.3425273895263671875
1636363358.7568659782,16.772382736206054688,3.5909621715545654297,-6.3425273895263671875
1636363358.7768290043,16.772382736206054688,3.5909621715545654297,-6.3425273895263671875
1636363358.7968270779,16.772382736206054688,3.5909621715545654297,-6.3425273895263671875
1636363358.8168520927,16.772382736206054688,3.5909621715545654297,-6.3425273895263671875
1636363358.8370854855,16.772382736206054688,3.5909621715545654297,-6.3425273895263671875
1636363358.8568198681,16.772382736206054688,3.5909621715545654297,-6.3425273895263671875
1636363358.87682724,16.772382736206054688,3.5909621715545654297,-6.3425273895263671875
1636363358.8968482018,16.772382736206054688,3.5909621715545654297,-6.3425273895263671875
1636363358.9167888165,16.772382736206054688,3.5909621715545654297,-6.3425273895263671875
1636363358.9368214607,16.772382736206054688,3.5909621715545654297,-6.3425273895263671875
1636363358.9568898678,16.772382736206054688,3.5909621715545654297,-6.3425273895263671875
1636363358.9768283367,16.772382736206054688,3.5909621715545654297,-6.3425273895263671875
1636363358.9968245029,16.772382736206054688,3.5909621715545654297,-6.3425273895263671875
1636363359.0168197155,16.772382736206054688,3.5909621715545654297,-6.3425273895263671875
1636363359.036839962,16.772382736206054688,3.5909621715545654297,-6.3425273895263671875
1636363359.0568459034,16.772382736206054688,3.5909621715545654297,-6.3425273895263671875
1636363359.0768227577,16.772382736206054688,3.5909621715545654297,-6.3425273895263671875
1636363359.0968186855,16.772382736206054688,3.5909621715545654297,-6.3425273895263671875
1636363359.1168174744,16.772382736206054688,3.5909621715545654297,-6.3425273895263671875
1636363359.1368236542,16.772382736206054688,3.5909621715545654297,-6.3425273895263671875
1636363359.1568393707,16.772382736206054688,3.5909621715545654297,-6.3425273895263671875
1636363359.1768274307,16.772382736206054688,3.5909621715545654297,-6.3425273895263671875
1636363359.1968460083,16.772382736206054688,3.5909621715545654297,-6.3425273895263671875
1636363359.2168416977,16.772382736206054688,3.5909621715545654297,-6.3425273895263671875
1636363359.2368226051,16.772382736206054688,3.5909621715545654297,-6.3425273895263671875
1636363359.2568194866,16.772382736206054688,3.5909621715545654297,-6.3425273895263671875
1636363359.2768201828,16.772382736206054688,3.5909621715545654297,-6.3425273895263671875
1636363359.2968244553,16.772382736206054688,3.5909621715545654297,-6.3425273895263671875
1636363359.3168261051,16.772382736206054688,3.5909621715545654297,-6.3425273895263671875
1636363359.3368196487,16.772382736206054688,3.5909621715545654297,-6.3425273895263671875
1636363359.3568198681,16.772382736206054688,3.5909621715545654297,-6.3425273895263671875
1636363359.376814127,16.772382736206054688,3.5909621715545654297,-6.3425273895263671875
1636363359.3968176842,16.772382736206054688,3.5909621715545654297,-6.3425273895263671875
1636363359.4168181419,16.772382736206054688,3.5909621715545654297,-6.3425273895263671875
1636363359.4368779659,16.772382736206054688,3.5909621715545654297,-6.3425273895263671875
1636363359.4568083286,16.772382736206054688,3.5909621715545654297,-6.3425273895263671875
1636363359.4768218994,16.772382736206054688,3.5909621715545654297,-6.3425273895263671875
1636363359.4968519211,16.772382736206054688,3.5909621715545654297,-6.3425273895263671875
1636363359.5168194771,16.772382736206054688,3.5909621715545654297,-6.3425273895263671875
1636363359.536864996,16.772382736206054688,3.5909621715545654297,-6.3425273895263671875
1636363359.5568518639,16.772382736206054688,3.5909621715545654297,-6.3425273895263671875
1636363359.5768229961,16.772382736206054688,3.5909621715545654297,-6.3425273895263671875
1636363359.5968987942,16.772382736206054688,3.5909621715545654297,-6.3425273895263671875
1636363359.6168224812,16.772382736206054688,3.5909621715545654297,-6.3425273895263671875
1636363359.6368274689,16.772382736206054688,3.5909621715545654297,-6.3425273895263671875
1636363359.656837225,16.772382736206054688,3.5909621715545654297,-6.3425273895263671875
1636363359.6768388748,16.772382736206054688,3.5909621715545654297,-6.3425273895263671875
1636363359.6968240738,16.772382736206054688,3.5909621715545654297,-6.3425273895263671875
1636363359.7168269157,16.772382736206054688,3.5909621715545654297,-6.3425273895263671875
1636363359.7368206978,16.772382736206054688,3.5909621715545654297,-6.3425273895263671875
1636363359.756824255,16.772382736206054688,3.5909621715545654297,-6.3425273895263671875
1636363359.7768177986,16.772382736206054688,3.5909621715545654297,-6.3425273895263671875
1636363359.7968356609,16.772382736206054688,3.5909621715545654297,-6.3425273895263671875
1636363359.8168237209,16.772382736206054688,3.5909621715545654297,-6.3425273895263671875
1636363359.8368189335,16.772382736206054688,3.5909621715545654297,-6.3425273895263671875
1636363359.8568322659,16.772382736206054688,3.5909621715545654297,-6.3425273895263671875
1636363359.8768560886,16.772382736206054688,3.5909621715545654297,-6.3425273895263671875
1636363359.896884203,16.772382736206054688,3.5909621715545654297,-6.3425273895263671875
1636363359.9168541431,16.772382736206054688,3.5909621715545654297,-6.3425273895263671875
1636363359.9368290901,16.772382736206054688,3.5909621715545654297,-6.3425273895263671875
1636363359.956839323,16.772382736206054688,3.5909621715545654297,-6.3425273895263671875
1636363359.9768116474,16.772382736206054688,3.5909621715545654297,-6.3425273895263671875
1636363359.9968233109,16.772382736206054688,3.5909621715545654297,-6.3425273895263671875
1636363360.016838789,16.772382736206054688,3.5909621715545654297,-6.3425273895263671875
1636363360.0368301868,16.772382736206054688,3.5909621715545654297,-6.3425273895263671875
1636363360.0568699837,16.772382736206054688,3.5909621715545654297,-6.3425273895263671875
1636363360.0768349171,16.772382736206054688,3.5909621715545654297,-6.3425273895263671875
1636363360.0968132019,16.772382736206054688,3.5909621715545654297,-6.3425273895263671875
1636363360.1168236732,16.772382736206054688,3.5909621715545654297,-6.3425273895263671875
1636363360.1368055344,16.772382736206054688,3.5909621715545654297,-6.3425273895263671875
1636363360.1568398476,16.772382736206054688,3.5909621715545654297,-6.3425273895263671875
1636363360.1768503189,16.772382736206054688,3.5909621715545654297,-6.3425273895263671875
1636363360.1968061924,16.772382736206054688,3.5909621715545654297,-6.3425273895263671875
